estado;e0;e1;e2;e3;e4;e5;e6;e7;e8;e9;e10;e11;e12;e13;e14;e15;e16;e17;e18;e19;e20;e21;e22;e23;e24;e25;e26;e27;e28;e29;e30;e31;e32;e33;e34;e35;e36;e37;e38;e39;e40;e41;e42;e43;e44;e45;e46;e47;e48;e49;e50;e51;e52;exitosos;fallidos;envios;final
R;0;0;0;0;0;0;0;0;0;0;0;0;0;0;0;0;0;0;0;0;0;0;0;0;0;0;0;0;0;0;0;0;0;0;0;0;0;0;0;0;0;0;0;0;0;0;0;0;0;0;0;0;0;0;0;0;1
R;0;0;0;0;0;0;0;0;0;0;0;0;0;0;0;0;0;0;0;0;0;0;0;0;0;0;0;0;0;0;0;0;0;0;0;0;0;0;0;0;0;0;0;0;0;0;0;0;0;0;0;0;0;0;0;0;1
R;0;0;0;0;0;0;0;0;0;0;0;0;0;0;0;0;0;0;0;0;0;0;0;0;0;0;0;0;0;0;0;0;0;0;0;0;0;0;0;0;0;0;0;0;0;0;0;0;0;0;0;0;0;0;0;0;1
R;0;0;0;0;0;0;0;0;0;0;0;0;0;0;0;0;0;0;0;0;0;0;0;0;0;0;0;0;0;0;0;0;0;0;0;0;0;0;0;0;0;0;0;0;0;0;0;0;0;0;0;0;0;0;0;0;1
R;0;0;0;0;0;0;0;0;0;0;0;0;0;0;0;0;0;0;0;0;0;0;0;0;0;0;0;0;0;0;0;0;0;0;0;0;0;0;0;0;0;0;0;0;0;0;0;0;0;0;0;0;0;0;0;0;1
R;0;0;0;0;0;0;0;0;0;0;0;0;0;0;0;0;0;0;0;0;0;0;0;0;0;0;0;0;0;0;0;0;0;0;0;0;0;0;0;0;0;0;0;0;0;0;0;0;0;0;0;0;0;0;15;15;1
R;0;0;0;0;0;0;0;0;0;0;0;0;0;0;0;0;0;0;0;0;0;0;0;0;0;0;0;0;0;0;0;0;0;0;0;0;0;0;0;0;0;0;0;0;0;0;0;0;0;0;0;0;0;0;0;0;1.1
R;0;0;0;0;1;0;0;0;0;0;0;0;0;0;0;0;0;1;0;0;0;0;1;0;0;1;1;0;0;1;0;0;0;0;0;0;0;0;0;0;0;0;0;0;0;0;0;0;0;0;0;0;0;12;12;24;1.4
R;0;0;0;0;0;0;0;0;0;0;0;0;0;0;0;0;0;0;0;0;0;0;0;0;0;0;0;0;0;0;0;0;0;0;0;0;0;0;0;0;0;0;0;0;0;0;0;0;0;0;0;0;0;0;0;0;1.4
R;0;0;0;0;0;0;0;0;0;0;0;0;0;0;0;0;0;0;0;0;0;0;0;0;0;0;0;0;0;0;0;0;0;0;0;0;0;0;0;0;0;0;0;0;0;0;0;0;0;0;0;0;0;0;0;0;1.4
R;0;0;0;0;0;0;0;0;0;0;0;0;0;0;0;0;0;0;0;0;0;0;0;0;0;0;0;0;0;0;0;0;0;0;0;0;0;0;0;0;0;0;0;0;0;0;0;0;0;0;0;0;0;0;16;16;1.5
R;0;0;0;0;0;0;0;0;0;0;0;0;0;0;0;0;0;0;0;0;0;0;0;0;0;1;0;0;0;0;0;0;0;0;0;0;0;0;0;0;0;0;0;0;0;0;0;0;0;0;0;0;0;1;15;16;1.5
R;0;0;0;0;1;0;0;0;0;0;0;0;0;0;0;0;0;1;0;0;0;0;0;0;0;1;0;0;0;0;0;0;0;0;0;0;0;0;0;0;0;0;0;0;0;0;0;0;0;0;0;0;0;3;36;39;1.6
R;0;0;0;0;0;0;0;0;0;0;0;0;0;0;0;0;0;0;0;0;0;0;0;0;0;0;0;0;0;0;0;0;0;0;0;0;0;0;0;0;0;0;0;0;0;0;0;0;0;0;0;0;0;0;0;0;1.6
R;0;0;0;0;0;0;0;0;0;0;0;0;0;0;0;0;0;0;0;0;0;0;0;0;0;0;0;0;0;0;0;0;0;0;0;0;0;0;0;0;0;0;0;0;0;0;0;0;0;0;0;0;0;7;32;39;1.6
R;0;0;0;0;1;0;0;0;0;0;0;0;0;0;0;0;0;1;0;0;0;0;0;0;0;1;0;0;0;0;0;0;0;0;0;0;0;0;0;0;0;0;0;0;0;0;0;0;0;0;0;0;0;3;13;16;1.9
R;0;0;0;0;0;0;0;0;0;0;0;0;0;0;0;0;0;0;0;0;0;0;0;0;0;0;0;0;0;0;0;0;0;0;0;0;0;0;0;0;0;0;0;0;0;0;0;0;0;0;0;0;0;0;16;16;1.9
R;0;0;0;0;0;0;0;0;0;0;0;0;0;0;0;0;0;0;0;0;0;0;0;0;0;0;0;0;0;0;0;0;0;0;0;0;0;0;0;0;0;0;0;0;0;0;0;0;0;0;0;0;0;0;0;0;1.9
R;0;0;0;0;0;0;0;0;0;0;0;0;0;0;0;0;0;0;0;0;0;0;0;0;0;1;0;0;0;0;0;0;0;0;0;0;0;0;0;0;0;0;0;0;0;0;0;0;0;0;0;0;0;1;23;24;2
R;0;0;0;0;0;0;0;0;0;0;0;0;0;0;0;0;0;0;0;0;0;0;0;0;0;0;0;0;0;0;0;0;0;0;0;0;0;0;0;0;0;0;0;0;0;0;0;0;0;0;0;0;0;0;0;0;2
R;0;0;0;0;0;0;0;0;0;0;0;0;0;0;0;0;0;0;0;0;0;0;0;0;0;0;0;0;0;0;0;0;0;0;0;0;0;0;0;0;0;0;0;0;0;0;0;0;0;0;0;0;0;0;24;24;2.1
R;0;0;0;0;0;0;0;0;0;0;0;0;0;0;0;0;0;0;0;0;0;0;0;0;0;0;0;0;0;0;0;0;0;0;0;0;0;0;0;0;0;0;0;0;0;0;0;0;0;0;0;0;0;0;16;16;2.1
R;1;0;0;1;1;0;1;0;0;0;0;0;0;1;0;0;0;1;0;0;0;0;0;0;0;1;1;0;0;1;0;0;1;0;0;1;0;1;0;0;0;0;1;0;1;0;0;0;0;0;0;0;0;14;17;31;2.1
R;0;0;0;0;0;0;0;0;0;0;0;0;0;0;0;0;0;0;0;0;0;0;0;0;0;0;0;0;0;0;0;0;0;0;0;0;0;0;0;0;0;0;0;0;0;0;0;0;0;0;0;0;0;0;16;16;2.3
R;1;0;0;0;1;0;0;0;0;0;1;0;0;0;0;0;0;1;0;0;0;0;1;0;0;1;1;0;0;1;0;0;0;0;0;0;0;0;0;0;0;0;0;0;0;0;0;0;0;0;0;0;0;8;16;24;2.3
R;0;0;0;0;1;0;0;0;0;0;1;0;0;0;0;0;0;1;0;0;0;0;1;0;0;1;1;0;0;1;0;0;0;0;0;0;0;0;0;0;0;0;0;0;0;0;0;0;0;0;0;0;0;7;17;24;2.3
R;0;0;0;0;1;0;0;0;0;0;0;0;0;0;0;0;0;1;0;0;0;0;0;0;0;1;0;0;0;0;0;0;0;0;0;0;0;0;0;0;0;0;0;0;0;0;0;0;0;0;0;0;0;3;13;16;2.4
R;0;0;0;0;1;0;0;0;0;0;0;0;0;0;0;0;0;1;0;0;0;0;0;0;0;1;0;0;0;0;0;0;0;0;0;0;0;0;0;0;0;0;0;0;0;0;0;0;0;0;0;0;0;3;13;16;2.4
R;0;0;0;0;0;0;0;0;0;0;0;0;0;0;0;0;0;0;0;0;0;0;0;0;0;0;0;0;0;0;0;0;0;0;0;0;0;0;0;0;0;0;0;0;0;0;0;0;0;0;0;0;0;0;16;16;2.4
R;1;0;0;0;1;0;0;0;0;0;0;0;0;0;0;0;0;1;0;0;0;0;1;0;0;1;1;0;0;1;0;0;0;0;0;0;0;0;0;0;0;0;0;0;0;0;0;0;0;0;0;0;0;7;17;24;2.4
R;0;0;0;0;0;0;0;0;0;0;0;0;0;0;0;0;0;1;0;0;0;0;0;0;0;1;0;0;0;0;0;0;0;0;0;0;0;0;0;0;0;0;0;0;0;0;0;0;0;0;0;0;0;8;16;24;2.5
R;1;0;0;0;0;0;0;0;0;0;1;0;0;0;0;0;0;1;0;0;0;0;0;0;0;1;1;0;0;1;0;0;0;0;0;0;0;0;0;0;0;0;0;0;0;0;0;0;0;0;0;0;0;6;33;39;2.6
R;1;1;0;1;1;0;1;0;0;0;1;0;0;0;0;0;0;0;0;0;0;0;1;0;0;1;1;0;1;1;0;0;0;0;0;0;0;1;0;0;0;0;0;0;1;0;0;0;0;0;0;0;0;13;18;31;2.7
R;0;0;0;0;1;0;0;0;0;0;1;0;0;0;0;0;0;1;0;0;0;0;1;0;0;1;1;0;0;1;0;0;0;0;0;0;0;0;0;0;0;0;0;0;0;0;0;0;0;0;0;0;0;7;9;16;2.8
R;0;0;0;0;1;0;0;0;0;0;0;0;0;0;0;0;0;1;0;0;0;0;0;0;0;1;1;0;0;0;0;0;0;0;0;0;0;0;0;0;0;0;0;0;0;0;0;0;0;0;0;0;0;11;13;24;2.8
R;0;0;0;0;0;0;1;0;0;0;0;0;0;0;0;0;0;1;0;0;0;0;0;0;0;1;0;0;0;0;0;0;0;0;0;0;0;0;0;0;0;0;0;0;1;0;0;0;0;0;0;0;0;4;27;31;2.9
R;0;0;0;0;0;0;0;0;0;0;0;0;0;0;0;0;0;0;0;0;0;0;0;0;0;0;0;0;0;0;0;0;0;0;0;0;0;0;0;0;0;0;0;0;0;0;0;0;0;0;0;0;0;0;16;16;3.3
R;0;0;0;0;1;0;0;0;0;0;0;0;0;0;0;0;0;1;0;0;0;0;1;0;0;0;0;0;0;0;0;0;0;0;0;0;0;0;0;0;0;0;0;0;0;0;0;0;0;0;0;0;0;3;13;16;3.3
R;0;0;0;0;1;0;0;0;0;0;0;0;0;0;0;0;0;1;0;0;0;0;0;1;0;1;1;0;0;1;0;0;0;0;0;0;0;0;0;0;0;0;0;0;0;0;0;0;0;0;0;0;0;6;10;16;3.4
R;1;0;1;0;1;0;0;0;0;1;0;0;0;1;0;0;0;1;1;0;0;0;1;0;0;1;1;0;0;1;0;0;1;1;0;1;0;0;0;0;0;0;0;0;0;0;0;0;0;0;0;0;0;14;17;31;3.4
R;0;0;0;0;0;0;0;0;0;0;0;0;0;0;0;0;0;0;0;0;0;0;0;0;0;0;0;0;0;0;0;0;0;0;0;0;0;0;0;0;0;0;0;0;0;0;0;0;0;0;0;0;0;0;0;0;3.4
R;0;0;0;0;1;0;0;0;0;0;0;0;0;0;0;0;0;1;0;0;0;0;0;0;0;1;0;0;0;0;0;0;0;0;0;0;0;0;0;0;0;0;0;0;0;0;0;0;0;0;0;0;0;3;13;16;3.4
R;1;0;0;1;1;0;0;1;0;0;1;0;0;0;0;0;0;1;1;0;0;0;1;1;0;1;1;0;0;1;0;0;1;0;0;0;0;0;0;0;0;0;0;0;0;0;0;0;0;0;0;0;0;13;3;16;3.5
R;0;1;0;1;1;0;1;0;0;0;1;0;0;0;0;0;0;1;1;0;0;0;0;0;0;1;1;0;0;1;0;0;0;0;0;1;0;0;0;0;0;0;0;0;1;0;0;0;0;0;0;0;0;12;19;31;3.5
R;1;0;0;0;1;0;0;0;0;0;1;0;0;0;0;0;0;1;0;0;0;0;1;1;0;1;1;0;0;1;0;0;0;0;0;0;0;0;0;0;0;0;0;0;0;0;0;0;0;0;0;0;0;15;24;39;3.6
R;0;0;0;0;0;0;0;0;0;0;0;0;0;0;0;0;0;0;0;0;0;0;0;0;0;0;0;0;0;0;0;0;0;0;0;0;0;0;0;0;0;0;0;0;0;0;0;0;0;0;0;0;0;0;16;16;3.7
R;0;0;0;1;1;0;0;0;0;0;0;0;0;1;0;0;0;1;0;0;0;0;0;1;0;0;1;0;0;1;0;0;1;0;0;0;0;0;0;0;0;0;0;0;1;0;0;0;0;0;0;0;0;9;22;31;3.7
R;1;1;0;1;1;0;1;0;0;0;1;0;0;0;0;0;0;1;1;0;0;0;1;1;0;1;1;0;1;1;0;0;1;0;0;0;0;0;1;0;0;0;1;0;1;0;0;0;0;0;0;0;0;18;13;31;3.8
R;1;0;0;1;1;0;1;0;0;0;1;0;0;0;0;0;0;0;1;0;0;0;1;1;0;1;1;0;1;1;0;0;1;0;0;1;0;1;0;0;0;0;1;0;1;0;0;0;0;0;0;0;0;17;14;31;3.8
A;1;0;0;1;1;0;1;0;0;0;1;0;0;0;0;0;0;1;1;0;0;0;1;1;0;1;1;0;0;1;0;0;0;0;0;1;0;0;0;0;0;0;1;0;1;0;0;0;0;0;0;0;0;15;24;39;4
A;0;0;0;0;0;0;0;0;0;0;0;0;0;0;0;0;0;0;0;0;0;0;0;0;0;0;0;0;0;0;0;0;0;0;0;0;0;0;0;0;0;0;0;0;0;0;0;0;0;0;0;0;0;0;31;31;4
A;1;1;0;0;1;0;0;0;0;0;1;0;0;0;0;0;0;1;1;0;0;0;1;1;0;1;1;0;0;1;0;0;1;0;0;0;0;0;0;0;0;0;1;0;1;0;0;0;0;0;0;0;0;14;17;31;4
A;1;1;0;1;1;0;0;0;0;0;1;0;0;0;0;0;0;1;0;0;0;0;1;1;0;1;1;0;0;1;0;0;1;0;0;1;0;0;0;0;0;0;1;0;1;0;0;0;0;0;0;0;0;15;16;31;4
A;1;1;0;1;1;0;1;1;0;0;1;0;0;1;0;0;0;1;1;0;0;0;1;1;0;1;1;0;0;1;0;0;1;0;0;1;0;1;0;0;0;0;1;0;1;0;0;0;0;0;0;0;0;20;11;31;4
A;1;1;0;1;1;0;1;0;0;0;1;0;0;0;0;0;0;1;1;0;0;0;1;1;0;1;1;0;0;1;0;0;1;0;0;1;0;0;1;0;0;0;1;0;1;0;0;0;0;0;0;0;0;18;21;39;4
A;1;1;0;1;1;0;1;0;0;0;1;0;0;0;0;0;0;1;1;0;0;0;1;1;0;1;1;0;1;1;0;0;1;0;0;1;0;0;1;0;0;0;1;0;1;0;0;0;0;0;0;0;0;19;12;31;4
A;0;0;0;0;1;0;0;0;0;0;0;0;0;0;0;0;0;1;0;0;0;0;0;0;0;1;1;0;0;1;0;0;0;0;0;0;0;0;0;0;0;0;0;0;0;0;0;0;0;0;0;0;0;5;11;16;4
A;0;1;0;0;0;0;1;0;0;0;0;0;0;0;0;0;0;0;0;0;0;0;0;0;0;0;0;0;1;0;0;0;0;0;0;0;0;0;0;0;0;0;0;0;1;0;0;0;0;0;0;0;0;4;27;31;4
A;0;0;0;1;1;0;1;0;0;0;1;0;0;0;0;0;0;1;0;0;0;0;1;1;0;1;1;0;1;1;0;0;0;0;0;0;0;1;0;0;0;0;1;0;1;0;0;0;0;0;0;0;0;14;17;31;4.1
A;0;0;0;0;0;0;0;0;0;0;0;0;0;0;0;0;0;0;0;0;0;0;0;0;0;1;0;0;0;0;0;0;0;0;0;0;0;0;0;0;0;0;0;0;0;0;0;0;0;0;0;0;0;7;17;24;4.2
A;1;1;0;1;0;0;1;0;0;0;0;0;0;0;0;0;0;1;1;0;0;0;1;1;0;1;1;0;0;1;0;0;1;0;0;0;0;0;0;0;0;0;1;0;1;0;0;0;0;0;0;0;0;14;17;31;4.2
A;0;0;0;1;1;0;1;0;0;0;1;0;0;0;0;0;0;1;0;0;0;0;1;1;0;1;1;0;1;1;0;0;1;0;0;1;0;1;0;0;0;0;0;0;0;0;0;0;0;0;0;0;0;14;17;31;4.2
A;0;0;0;0;1;0;0;0;0;0;0;0;0;0;0;0;0;1;0;0;0;0;0;0;0;1;1;0;0;0;0;0;0;0;0;0;0;0;0;0;0;0;0;0;0;0;0;0;0;0;0;0;0;11;13;24;4.2
A;1;1;0;1;0;0;0;1;0;0;0;0;0;0;0;0;0;0;1;0;0;0;0;1;0;0;0;0;0;0;0;0;1;0;0;1;0;0;0;0;0;0;1;0;1;0;0;0;0;0;0;0;0;10;21;31;4.2
A;1;0;0;0;1;0;0;1;0;0;1;0;0;1;0;0;0;1;1;0;0;0;1;0;0;1;1;0;0;1;0;0;1;0;0;1;0;0;0;0;0;0;0;0;0;0;0;0;0;0;0;0;0;13;18;31;4.2
A;1;1;0;0;1;0;0;0;0;0;1;0;0;0;0;0;0;1;0;0;0;0;1;1;0;1;1;0;1;1;0;0;0;0;0;0;0;0;0;0;0;0;0;0;1;0;0;0;0;0;0;0;0;13;26;39;4.2
A;1;0;0;0;1;0;1;0;0;0;1;0;0;0;0;0;0;1;1;0;0;0;1;1;0;1;0;0;0;1;0;0;1;0;0;1;0;0;0;0;0;0;1;0;0;0;0;0;0;0;0;0;0;13;18;31;4.3
A;1;1;0;1;1;0;1;1;0;0;1;0;0;1;0;0;0;1;1;0;0;0;1;1;0;1;1;0;1;1;0;0;1;0;0;1;0;1;1;0;0;0;1;0;1;0;0;0;0;0;0;0;0;22;9;31;4.3
A;1;1;0;1;1;0;0;0;0;0;1;0;0;0;0;0;0;1;1;0;0;0;1;1;0;1;1;0;1;1;0;0;1;0;0;1;0;0;0;0;0;0;1;0;1;0;0;0;0;0;0;0;0;17;22;39;4.3
A;1;0;0;1;1;0;0;0;0;0;1;0;0;1;0;0;0;1;1;0;0;0;1;1;0;1;1;0;1;1;0;0;1;0;0;1;0;0;0;0;0;0;0;0;0;0;0;0;0;0;0;0;0;15;16;31;4.3
A;0;0;0;1;1;0;0;0;0;0;0;0;0;0;0;0;0;1;1;0;0;0;0;0;0;1;0;0;0;0;0;0;0;0;0;0;0;0;0;0;0;0;0;0;0;0;0;0;0;0;0;0;0;5;34;39;4.3
A;0;1;0;1;1;0;1;0;0;0;1;0;0;0;0;0;0;1;1;0;0;0;0;1;0;0;0;0;0;0;0;0;1;0;0;0;0;0;1;0;0;0;1;0;1;0;0;0;0;0;0;0;0;12;19;31;4.3
A;1;1;0;1;1;0;1;0;0;0;1;0;0;0;0;0;0;1;1;0;0;0;1;1;0;1;1;0;0;1;0;0;0;0;0;0;0;0;0;0;0;0;1;0;1;0;0;0;0;0;0;0;0;15;16;31;4.3
A;1;0;0;0;1;0;0;0;0;0;0;0;0;0;0;0;0;1;0;0;0;0;0;0;0;1;1;0;0;1;0;0;0;0;0;0;0;0;0;0;0;0;0;0;0;0;0;0;0;0;0;0;0;6;10;16;4.4
A;1;0;0;0;1;0;1;0;0;0;0;0;0;0;0;0;0;1;0;0;0;0;1;0;0;1;1;0;1;1;0;0;1;0;0;0;0;1;0;0;0;0;1;0;0;0;0;0;0;0;0;0;0;12;19;31;4.4
A;1;1;0;0;0;0;1;0;0;0;1;0;0;0;0;0;0;0;0;0;0;0;1;0;0;1;1;0;1;0;0;0;1;0;0;1;0;1;0;0;0;0;1;0;1;0;0;0;0;0;0;0;0;13;18;31;4.4
A;0;0;0;0;0;0;0;0;0;0;0;0;0;0;0;0;0;0;0;0;0;0;0;0;0;0;0;0;0;0;0;0;0;0;0;0;0;0;0;0;0;0;0;0;0;0;0;0;0;0;0;0;0;0;31;31;4.4
A;1;0;0;0;1;0;0;0;0;0;0;0;0;1;0;0;0;1;1;0;0;0;0;1;0;1;1;0;1;0;0;0;1;0;0;0;0;0;0;0;0;0;1;0;0;0;0;0;0;0;0;0;0;11;20;31;4.4
A;1;1;0;1;1;0;1;0;0;0;0;0;0;0;0;0;0;0;1;0;0;0;0;1;0;1;0;0;0;0;0;0;1;0;0;0;0;1;0;0;0;0;1;0;1;0;0;0;0;0;0;0;0;12;27;39;4.4
A;0;0;0;0;0;0;0;0;0;0;0;0;0;0;0;0;0;0;0;0;0;0;0;0;0;0;0;0;0;0;0;0;0;0;0;0;0;0;0;0;0;0;0;0;0;0;0;0;0;0;0;0;0;0;0;0;4.5
A;1;1;0;1;1;0;1;1;0;0;1;0;0;1;0;0;0;1;1;0;0;0;1;1;0;1;1;0;0;1;0;0;1;0;0;0;0;0;0;0;0;0;1;0;1;0;0;0;0;0;0;0;0;18;13;31;4.5
A;0;0;0;0;1;0;0;0;0;0;0;0;0;0;0;0;0;0;0;0;0;0;0;0;0;1;0;0;0;0;0;0;0;0;0;0;0;0;0;0;0;0;0;0;0;0;0;0;0;0;0;0;0;2;45;47;4.5
A;0;0;0;1;0;0;0;0;0;0;0;0;0;0;0;0;0;0;0;0;0;0;0;0;0;0;0;0;1;0;0;0;0;0;0;1;0;1;0;0;0;0;1;0;1;0;0;0;0;0;0;0;0;6;25;31;4.5
A;1;0;0;0;1;0;0;0;0;0;1;0;0;0;0;0;0;1;0;0;0;0;1;0;0;1;1;0;0;1;0;0;0;0;0;0;0;0;0;0;0;0;0;0;0;0;0;0;0;0;0;0;0;8;23;31;4.5
A;0;0;0;0;0;0;0;0;0;0;0;0;0;0;0;0;0;0;0;0;0;0;0;0;0;0;0;0;0;0;0;0;0;0;0;0;0;0;0;0;0;0;0;0;0;0;0;0;0;0;0;0;0;0;0;0;4.5
A;1;1;0;1;1;0;1;0;0;0;1;0;0;0;0;0;0;1;0;0;0;0;1;1;0;1;1;0;0;1;0;0;1;0;0;1;0;0;1;0;0;0;1;0;1;0;0;0;0;0;0;0;0;17;14;31;4.5
A;1;1;0;1;1;0;1;0;0;0;1;0;0;0;0;0;0;1;0;0;0;0;1;0;0;1;1;0;0;1;0;0;0;0;0;0;0;1;0;0;0;0;0;0;1;0;0;0;0;0;0;0;0;13;18;31;4.5
A;0;0;0;1;1;0;0;0;0;0;0;0;0;0;0;0;0;1;0;0;0;0;0;1;0;1;1;0;0;0;0;0;1;0;0;0;0;0;0;0;0;0;1;0;0;0;0;0;0;0;0;0;0;16;23;39;4.5
A;1;1;0;0;1;0;0;0;0;0;1;0;0;0;0;0;0;1;1;0;0;0;0;0;0;1;1;0;0;1;0;0;0;0;0;0;0;0;0;0;0;0;0;0;0;0;0;0;0;0;0;0;0;9;22;31;4.6
A;0;0;0;1;1;0;0;0;0;0;0;0;0;1;0;0;0;1;0;0;0;0;0;0;0;1;1;0;0;0;0;0;1;0;0;0;0;0;0;0;0;0;1;0;1;0;0;0;0;0;0;0;0;9;22;31;4.6
A;0;0;0;0;0;0;0;0;0;0;0;0;0;0;0;0;0;0;0;0;0;0;0;0;0;1;0;0;0;0;0;0;0;0;0;0;0;0;0;0;0;0;0;0;0;0;0;0;0;0;0;0;0;1;15;16;4.6
A;1;0;0;1;1;0;1;0;0;0;1;0;0;0;0;0;0;1;0;0;0;0;1;0;0;1;1;0;0;1;0;0;1;0;0;1;0;1;0;0;0;0;1;0;1;0;0;0;0;0;0;0;0;15;16;31;4.6
A;1;1;0;0;1;0;1;0;0;0;1;0;0;0;0;0;0;1;0;0;0;0;1;0;0;1;1;0;1;1;0;0;0;0;0;0;0;1;0;0;0;0;0;0;1;0;0;0;0;0;0;0;0;13;18;31;4.6
A;0;0;0;0;0;0;0;0;0;0;0;0;0;0;0;0;0;0;0;0;0;0;0;0;0;0;0;0;0;0;0;0;0;0;0;0;0;0;0;0;0;0;0;0;0;0;0;0;0;0;0;0;0;0;0;0;4.6
A;1;0;0;1;1;0;0;0;0;0;0;0;0;1;0;0;0;1;0;0;0;0;1;1;0;1;1;0;0;1;0;0;1;0;0;1;0;1;0;0;0;0;1;0;0;0;0;0;0;0;0;0;0;14;17;31;4.6
A;1;0;0;1;1;0;0;0;0;0;0;0;0;1;0;0;0;0;1;0;0;0;1;1;0;1;1;0;0;1;0;0;1;0;0;0;0;0;0;0;0;0;0;0;0;0;0;0;0;0;0;0;0;11;28;39;4.6
A;1;1;0;1;1;0;1;0;0;0;1;0;0;0;0;0;0;1;1;0;0;0;1;1;0;1;1;0;0;1;0;0;1;0;0;1;0;1;0;0;0;0;1;0;1;0;0;0;0;0;0;0;0;18;21;39;4.6
A;1;1;0;0;1;0;1;0;0;0;1;0;0;0;0;0;0;1;0;0;0;0;1;1;0;1;1;0;1;1;0;0;0;0;0;0;0;1;1;0;0;0;0;0;1;0;0;0;0;0;0;0;0;15;16;31;4.6
A;0;0;0;1;1;0;0;0;0;0;1;0;0;0;0;0;0;1;0;0;0;0;1;0;0;1;1;0;0;1;0;0;0;0;0;0;0;0;0;0;0;0;1;0;0;0;0;0;0;0;0;0;0;9;22;31;4.6
A;0;0;0;1;1;0;0;0;0;0;0;0;0;0;0;0;0;1;1;0;0;0;0;1;0;1;1;0;0;1;0;0;1;0;0;1;0;0;0;0;0;0;1;0;0;0;0;0;0;0;0;0;0;11;20;31;4.7
A;1;1;0;1;1;0;1;0;0;0;1;0;0;0;0;0;0;1;1;0;0;0;1;1;0;1;1;0;0;1;0;0;1;0;0;1;0;0;0;0;0;0;1;0;1;0;0;0;0;0;0;0;0;17;14;31;4.7
A;1;1;0;1;1;0;1;0;0;0;1;0;0;0;0;0;0;1;0;0;0;0;1;1;0;1;1;0;0;1;0;0;1;0;0;0;0;1;0;0;0;0;1;0;1;0;0;0;0;0;0;0;0;16;15;31;4.7
A;0;1;0;1;1;0;1;0;0;0;1;0;0;0;0;0;0;1;1;0;0;0;1;0;0;1;1;0;0;1;0;0;1;0;0;1;0;0;0;0;0;0;1;0;1;0;0;0;0;0;0;0;0;15;16;31;4.7
A;1;1;0;0;1;0;0;0;0;0;0;0;0;0;0;0;0;1;1;0;0;0;0;1;0;1;1;0;0;1;0;0;1;0;0;1;0;0;0;0;0;0;1;0;0;0;0;0;0;0;0;0;0;12;27;39;4.7
A;1;0;0;0;1;0;1;0;0;0;1;0;0;0;0;0;0;1;1;0;0;0;1;0;0;1;1;0;0;1;0;0;1;0;0;1;0;1;0;0;0;0;1;0;1;0;0;0;0;0;0;0;0;15;24;39;4.8
A;1;0;0;1;1;0;0;0;0;0;1;0;0;1;0;0;0;1;1;0;0;0;1;1;0;1;1;0;0;1;0;0;1;0;0;0;0;0;0;0;0;0;1;0;0;0;0;0;0;0;0;0;0;17;22;39;4.8
A;1;0;0;1;1;0;0;0;0;0;1;0;0;1;0;0;0;1;1;0;0;0;1;1;0;1;1;0;0;1;0;0;1;0;0;0;0;0;0;0;0;0;0;0;1;0;0;0;0;0;0;0;0;22;25;47;4.8
A;1;0;0;1;1;0;0;0;0;0;0;0;0;0;0;0;0;1;0;0;0;0;0;0;0;1;0;0;0;0;0;0;0;0;0;0;0;0;0;0;0;0;0;0;0;0;0;0;0;0;0;0;0;5;11;16;4.8
A;1;1;0;1;0;0;0;0;0;0;1;0;0;0;0;0;0;0;1;0;0;0;1;1;0;1;1;0;0;1;0;0;1;0;0;1;0;0;0;0;0;0;1;0;1;0;0;0;0;0;0;0;0;14;17;31;4.8
A;0;0;0;0;0;0;0;0;0;0;0;0;0;0;0;0;0;0;0;0;0;0;0;0;0;0;0;0;0;0;0;0;0;0;0;0;0;0;0;0;0;0;0;0;0;0;0;0;0;0;0;0;0;0;31;31;4.9
A;1;1;0;1;1;0;0;0;0;0;1;0;0;0;0;0;0;1;1;0;0;0;1;1;0;1;1;0;0;1;0;0;1;0;0;1;0;0;0;0;0;0;1;0;1;0;0;0;0;0;0;0;0;16;15;31;4.9
A;1;1;0;1;1;0;0;1;0;0;1;1;0;1;0;0;0;1;1;0;0;0;1;0;0;1;1;0;0;1;0;0;1;0;0;0;0;0;0;0;0;0;0;0;1;0;0;0;0;0;0;0;0;16;15;31;4.9
A;1;0;0;0;1;0;0;0;0;0;1;0;0;0;0;0;0;1;1;0;0;0;1;1;0;1;1;0;0;0;0;0;1;0;0;1;0;0;0;0;0;0;1;0;1;0;0;0;0;0;0;0;0;13;18;31;4.9
A;0;0;0;0;0;0;0;0;0;0;0;0;0;0;0;0;0;0;0;0;0;0;0;0;0;0;0;0;0;0;0;0;0;0;0;0;0;0;0;0;0;0;0;0;0;0;0;0;0;0;0;0;0;0;0;0;4.9
A;0;0;0;0;0;0;0;0;0;0;0;0;0;0;0;0;0;0;0;0;0;0;0;0;0;0;0;0;0;0;0;0;0;0;0;0;0;0;0;0;0;0;0;0;0;0;0;0;0;0;0;0;0;0;31;31;4.9
A;0;1;0;1;1;0;1;0;0;0;0;0;0;0;0;0;0;1;1;0;0;0;0;0;0;1;1;0;0;0;0;0;0;0;0;1;0;0;0;0;0;0;1;0;1;0;0;0;0;0;0;0;0;11;20;31;4.9
A;1;1;0;1;1;0;1;0;0;0;1;0;0;0;0;0;0;1;1;0;0;0;1;1;0;1;1;0;0;1;0;0;1;0;0;1;0;1;0;0;0;0;1;0;1;0;0;0;0;0;0;0;0;18;13;31;4.9
A;0;0;0;1;1;0;1;1;0;0;0;0;0;1;0;0;0;1;1;0;0;0;0;1;0;1;0;0;1;0;0;0;1;0;0;1;0;1;0;0;0;0;1;0;1;0;0;0;0;0;0;0;0;15;16;31;4.9
A;1;1;0;1;1;0;0;0;0;0;1;0;0;0;0;0;0;1;0;0;0;0;1;1;0;1;1;0;0;1;0;0;1;0;0;1;0;0;0;0;0;0;1;0;1;0;0;0;0;0;0;0;0;15;16;31;4.9
A;1;0;0;1;1;0;1;0;0;0;1;0;0;1;0;0;0;1;1;0;0;0;1;1;0;1;1;0;1;1;0;0;1;0;0;1;0;1;0;0;0;0;1;0;1;0;0;0;0;0;0;0;0;26;13;39;5
A;0;0;0;0;0;0;0;0;0;0;0;0;0;0;0;0;0;0;0;0;0;0;0;0;0;0;0;0;0;0;0;0;0;0;0;0;0;0;0;0;0;0;0;0;0;0;0;0;0;0;0;0;0;0;0;0;5
A;0;0;0;0;0;0;0;0;0;0;0;0;0;0;0;0;0;0;0;0;0;0;0;0;0;0;0;0;0;0;0;0;0;0;0;0;0;0;0;0;0;0;0;0;0;0;0;0;0;0;0;0;0;0;0;0;5
A;1;1;0;1;1;0;1;1;0;0;1;0;0;1;0;0;0;1;1;0;0;0;1;1;0;1;1;0;0;1;0;0;1;0;0;1;0;0;0;0;0;0;1;0;1;0;0;0;0;0;0;0;0;19;12;31;5
A;0;1;0;0;1;0;1;0;0;0;1;0;0;0;0;0;0;1;1;0;0;0;1;1;0;1;1;0;0;1;0;0;1;0;0;0;0;0;1;0;0;0;1;0;1;0;0;0;0;0;0;0;0;15;16;31;5
A;0;0;0;0;0;0;0;0;0;0;0;0;0;0;0;0;0;0;0;0;0;0;0;0;0;0;0;0;0;0;0;0;0;0;0;0;0;0;0;0;0;0;0;0;0;0;0;0;0;0;0;0;0;0;16;16;5
A;0;1;0;1;1;0;1;0;0;0;1;0;0;0;0;0;0;1;1;0;0;0;1;1;0;1;1;0;1;1;0;0;0;0;0;0;0;0;0;0;0;0;1;0;1;0;0;0;0;0;0;0;0;15;16;31;5
A;0;1;0;1;1;0;0;0;0;0;0;0;0;0;0;0;0;1;0;0;0;0;0;0;0;1;1;0;1;0;0;0;0;0;0;0;0;0;0;0;0;0;0;0;0;0;0;0;0;0;0;0;0;7;24;31;5
A;0;0;0;1;1;0;1;0;0;0;1;0;0;0;0;0;0;1;0;0;0;0;1;1;0;1;0;0;0;1;0;0;0;0;0;1;0;1;0;0;0;0;1;0;1;0;0;0;0;0;0;0;0;13;18;31;5
A;1;1;0;1;1;0;1;0;0;0;1;0;0;0;0;0;0;1;1;0;0;0;1;0;0;1;1;0;0;1;0;0;1;0;0;0;0;0;0;0;0;0;1;0;1;0;0;0;0;0;0;0;0;15;16;31;5
A;1;1;0;1;1;0;1;0;0;0;1;0;0;0;0;0;0;1;1;0;0;0;1;1;0;1;1;0;0;1;0;0;1;0;0;1;0;0;0;0;0;0;1;0;1;0;0;0;0;0;0;0;0;17;14;31;5
A;1;1;0;1;1;0;0;0;0;0;1;0;0;0;0;0;0;1;0;0;0;0;1;0;0;1;1;0;0;1;0;0;1;0;0;0;0;0;1;0;0;0;1;0;1;0;0;0;0;0;0;0;0;14;17;31;5
A;1;1;0;0;1;0;1;0;0;0;1;0;0;0;0;0;0;1;1;0;0;0;0;1;0;1;1;0;0;1;0;0;1;0;0;1;0;0;1;0;0;0;1;0;1;0;0;0;0;0;0;0;0;16;15;31;5
A;1;1;0;1;1;0;1;0;0;0;1;0;0;0;0;0;0;1;1;0;0;0;1;1;0;1;1;0;0;1;0;0;1;0;0;1;0;0;0;0;0;0;1;0;1;0;0;0;0;0;0;0;0;23;16;39;5
A;1;0;0;1;1;0;0;0;0;0;1;0;0;0;0;0;0;1;0;0;0;0;1;0;0;1;1;0;0;1;0;0;0;0;0;1;0;1;0;0;0;0;1;0;0;0;0;0;0;0;0;0;0;18;21;39;5
A;0;0;0;0;1;0;1;0;0;0;1;0;0;1;0;0;0;1;0;0;0;0;1;1;0;0;1;0;0;0;0;0;1;0;0;0;0;0;0;0;0;0;0;0;1;0;0;0;0;0;0;0;0;10;21;31;5
A;0;0;0;0;0;0;0;0;0;0;0;0;0;0;0;0;0;0;0;0;0;0;0;0;0;0;0;0;0;0;0;0;0;0;0;0;0;0;0;0;0;0;0;0;0;0;0;0;0;0;0;0;0;7;32;39;5
A;1;0;0;1;1;0;1;0;0;0;1;0;0;0;0;0;0;1;0;0;0;0;0;1;0;1;1;0;1;1;0;0;0;0;0;0;0;1;0;0;0;0;1;0;1;0;0;0;0;0;0;0;0;22;17;39;5
A;1;1;0;1;1;0;1;0;0;0;1;0;0;0;0;0;0;1;1;0;0;0;1;0;0;1;1;0;0;1;0;0;1;0;0;0;0;0;0;0;0;0;1;0;1;0;0;0;0;0;0;0;0;15;16;31;5
A;1;1;0;1;1;0;0;0;0;1;1;0;0;0;0;0;0;1;0;0;0;0;1;1;0;1;1;0;0;1;0;0;1;0;0;0;0;1;0;0;0;0;1;0;1;0;0;0;0;0;0;0;0;16;23;39;5
A;0;1;0;1;0;0;1;0;0;0;0;0;0;0;0;0;0;0;1;0;0;0;0;1;0;0;0;0;1;0;0;0;0;0;0;1;0;1;0;0;0;0;1;0;1;0;0;0;0;0;0;0;0;10;21;31;5
A;0;1;0;0;1;0;1;0;0;0;1;0;0;0;0;0;0;1;0;0;0;0;1;0;0;0;0;0;1;0;0;0;0;0;0;0;0;1;0;0;0;0;0;0;1;0;0;0;0;0;0;0;0;9;30;39;5
A;1;1;0;1;1;0;1;0;0;0;0;0;0;0;0;0;0;1;1;0;0;0;1;1;0;0;1;0;0;1;0;0;1;0;0;0;0;0;0;0;0;0;1;0;1;0;0;0;0;0;0;0;0;14;17;31;5
A;1;0;0;1;1;0;1;0;0;0;1;0;0;0;0;0;0;1;1;0;0;0;1;1;0;1;1;0;0;1;0;0;1;0;0;1;0;0;0;0;0;0;1;0;0;0;0;0;0;0;0;0;0;15;16;31;5
A;1;1;0;1;1;0;1;0;0;0;1;0;0;0;0;0;0;1;1;0;0;0;1;1;0;1;1;0;0;1;0;0;1;0;0;1;0;0;1;0;0;0;1;0;1;0;0;0;0;0;0;0;0;18;13;31;5
A;1;1;0;0;1;0;1;0;0;0;1;0;0;0;0;0;0;1;1;0;0;0;1;1;0;1;1;0;0;1;0;0;1;0;0;0;0;0;1;0;0;0;1;0;1;0;0;0;0;0;0;0;0;22;17;39;5
A;1;0;0;1;1;0;0;0;0;0;1;0;0;1;0;0;0;1;0;0;0;0;1;1;0;1;1;0;0;1;0;0;1;0;0;0;0;1;0;0;0;0;1;0;0;0;0;0;0;0;0;0;0;21;18;39;5
A;1;1;1;1;1;0;1;0;0;0;1;0;1;1;0;0;0;1;1;0;0;0;1;1;0;1;1;0;1;1;0;0;1;1;0;0;0;1;1;0;0;0;1;0;1;0;0;0;0;0;0;0;0;23;8;31;5.1
A;1;1;0;1;1;0;1;1;0;0;1;0;0;1;0;0;0;1;1;0;0;0;1;1;0;1;1;0;1;1;0;0;1;0;0;0;0;0;0;0;0;0;1;0;1;0;0;0;0;0;0;0;0;19;12;31;5.1
A;1;0;0;1;1;0;0;1;0;0;1;1;0;1;0;0;0;1;1;0;0;1;1;1;0;1;1;0;1;1;0;0;1;0;0;1;0;0;0;0;0;0;0;0;0;0;0;0;0;0;0;0;0;18;13;31;5.1
A;1;1;0;1;1;0;1;0;0;0;1;0;0;0;0;0;0;1;0;0;0;0;1;1;0;1;1;0;0;0;0;0;1;0;0;1;0;1;0;0;0;0;1;0;1;0;0;0;0;0;0;0;0;16;15;31;5.1
A;1;0;0;1;1;0;0;0;0;0;1;0;0;1;0;0;0;1;1;0;0;0;1;1;0;1;1;0;0;1;0;0;1;0;0;1;0;0;0;0;0;0;0;0;0;0;0;0;0;0;0;0;0;14;17;31;5.1
A;1;1;0;1;1;0;1;0;0;0;1;0;0;0;0;0;0;1;0;0;0;0;1;1;0;1;1;0;0;1;0;0;1;0;0;0;0;1;0;0;0;0;1;0;1;0;0;0;0;0;0;0;0;16;15;31;5.1
A;1;1;0;1;1;0;1;0;0;1;1;1;0;0;0;0;0;1;0;0;0;0;1;1;0;1;1;0;0;1;0;0;0;0;0;0;0;1;1;0;0;0;0;0;1;0;0;0;0;0;0;0;0;23;16;39;5.1
A;1;1;0;1;1;0;1;0;0;1;1;1;0;0;0;0;0;1;1;0;0;0;1;1;0;1;1;0;0;1;0;0;0;0;0;0;0;1;1;0;0;0;0;0;1;0;0;0;0;0;0;0;0;24;15;39;5.1
A;1;0;0;0;1;0;0;1;0;0;1;0;0;1;0;0;0;1;1;0;0;0;1;0;0;1;1;0;0;1;0;0;1;0;0;1;0;0;0;0;0;0;0;0;1;0;0;0;0;0;0;0;0;14;17;31;5.1
A;0;1;0;0;1;0;1;0;0;0;1;0;0;0;0;0;0;1;1;0;0;0;1;0;0;1;1;0;1;0;0;0;1;0;0;1;0;0;0;0;0;0;0;0;1;0;0;0;0;0;0;0;0;13;18;31;5.1
A;1;1;0;1;1;0;1;0;0;1;1;0;0;1;0;0;0;1;1;0;0;0;1;1;0;1;1;0;1;1;0;0;1;0;0;1;0;0;0;0;0;0;1;0;1;0;0;0;0;0;0;0;0;20;11;31;5.1
A;0;1;0;0;1;0;1;0;0;0;0;1;1;0;0;0;0;1;0;0;0;0;1;0;0;1;1;0;1;0;0;0;0;0;0;0;0;1;0;0;0;0;0;0;1;0;0;0;0;0;0;0;0;12;19;31;5.1
A;1;0;0;1;1;0;0;0;0;0;1;0;0;0;0;0;0;1;0;0;0;0;1;1;0;1;1;0;0;1;0;0;0;0;0;0;0;0;0;0;0;0;0;0;0;0;0;0;0;0;0;0;0;18;6;24;5.2
A;1;1;0;1;1;0;1;0;0;0;1;0;0;0;0;0;0;1;1;0;0;0;1;1;0;1;1;0;0;1;0;0;1;0;0;0;0;0;0;0;0;0;1;0;1;0;0;0;0;0;0;0;0;16;15;31;5.2
A;0;0;0;1;0;0;1;0;0;0;0;0;0;0;0;0;0;1;1;0;0;0;1;0;0;1;1;0;0;0;0;0;1;0;0;1;0;0;0;0;0;0;1;0;1;0;0;0;0;0;0;0;0;17;38;55;5.2
A;0;0;0;0;0;0;0;0;0;0;0;0;0;0;0;0;0;0;0;0;0;0;0;0;0;0;0;0;0;0;0;0;0;0;0;0;0;0;0;0;0;0;0;0;0;0;0;0;0;0;0;0;0;0;0;0;5.2
A;1;1;0;1;1;0;1;0;0;0;1;0;0;0;0;0;0;1;1;0;0;0;1;1;0;1;1;0;0;1;0;0;0;0;0;1;0;0;0;0;0;0;1;0;1;0;0;0;0;0;0;0;0;16;15;31;5.2
A;1;1;0;1;1;0;0;0;0;0;1;0;0;0;0;0;0;1;1;0;0;0;1;1;0;1;1;0;0;0;0;0;0;0;0;0;0;1;0;0;0;0;1;0;1;0;0;0;0;0;0;0;0;20;19;39;5.2
A;1;1;1;1;1;0;1;0;0;0;1;0;1;1;0;0;0;1;1;0;0;0;1;1;0;1;1;0;1;1;0;0;1;1;0;0;0;1;1;0;0;0;1;0;1;0;0;0;0;0;0;0;0;23;16;39;5.2
A;1;1;0;1;1;0;1;0;0;0;1;0;0;0;0;0;0;1;1;0;0;0;1;1;0;0;1;0;0;1;0;0;1;0;0;1;0;1;0;0;0;0;0;0;1;0;0;0;0;0;0;0;0;16;15;31;5.2
A;1;0;0;1;0;0;0;0;0;0;0;0;0;0;0;0;0;1;0;0;0;0;0;0;0;0;1;0;0;0;0;0;0;0;0;0;0;0;0;0;0;0;0;0;1;0;0;0;0;0;0;0;0;5;34;39;5.2
A;1;0;0;1;1;0;1;0;0;0;1;0;0;0;0;0;0;1;0;0;0;0;1;1;0;1;1;0;0;1;0;0;0;0;0;0;0;0;0;0;0;0;0;0;0;0;0;0;0;0;0;0;0;11;20;31;5.2
A;1;1;0;1;1;0;1;0;0;0;1;0;0;0;0;0;0;1;0;0;0;0;1;0;0;1;1;0;0;1;0;0;1;0;0;1;0;1;0;0;0;0;1;0;1;0;0;0;0;0;0;0;0;16;15;31;5.2
A;1;1;0;1;1;0;1;0;0;0;1;0;0;0;0;0;0;1;0;0;0;0;1;1;0;1;1;0;0;0;0;0;1;0;0;1;0;0;1;0;0;0;0;0;1;0;0;0;0;0;0;0;0;15;16;31;5.2
A;0;0;0;0;1;0;0;0;0;0;1;0;0;0;0;0;0;1;0;0;0;0;1;0;0;1;0;0;0;0;0;0;0;0;0;0;0;0;0;0;0;0;0;0;0;0;0;0;0;0;0;0;0;5;26;31;5.3
A;1;1;0;0;1;0;1;0;0;0;1;0;0;0;0;0;0;1;0;0;0;0;1;0;0;1;1;0;0;1;0;0;0;0;0;0;0;1;1;0;0;0;0;0;1;0;0;0;0;0;0;0;0;13;18;31;5.3
A;1;1;0;1;1;0;0;0;0;0;0;0;1;1;0;0;0;1;0;0;0;0;1;1;0;1;1;0;0;0;0;0;1;0;0;1;0;1;0;0;0;0;1;0;1;0;0;0;0;0;0;0;0;16;15;31;5.3
A;1;0;0;1;1;0;1;0;0;0;0;0;1;0;0;0;0;1;1;0;0;0;1;1;0;1;1;0;1;1;0;0;0;0;0;0;0;1;1;0;0;0;1;0;1;0;0;0;0;0;0;0;0;17;22;39;5.3
A;1;1;0;1;1;0;1;0;0;0;1;0;0;0;0;0;0;1;1;0;0;0;1;1;0;1;1;0;1;1;0;0;0;0;0;0;0;1;0;0;0;0;1;0;1;0;0;0;0;0;0;0;0;17;22;39;5.3
A;1;1;0;1;1;0;1;0;0;0;1;0;0;0;0;0;0;1;0;0;0;0;1;1;0;1;1;0;1;1;0;0;0;0;0;0;0;1;0;0;0;0;1;0;1;0;0;0;0;0;0;0;0;16;15;31;5.3
A;1;1;0;1;1;0;1;0;0;0;1;0;0;0;0;0;0;1;1;0;0;0;1;1;0;1;1;0;1;1;0;0;1;0;0;1;0;1;0;0;0;0;1;0;1;0;0;0;0;0;0;0;0;19;12;31;5.3
A;0;1;0;1;1;0;1;0;0;1;1;0;0;0;0;0;0;1;0;0;0;0;1;0;0;1;1;0;0;1;0;0;0;0;0;1;0;0;1;0;0;0;1;0;1;0;0;0;0;0;0;0;0;15;16;31;5.3
A;1;1;0;1;1;0;1;0;0;0;1;0;0;0;0;0;0;1;0;0;0;0;1;1;0;1;1;0;1;1;0;0;0;0;0;1;0;1;0;0;0;0;1;0;1;0;0;0;0;0;0;0;0;17;22;39;5.3
A;1;0;0;1;1;0;0;0;0;0;1;0;0;1;0;0;0;1;1;0;0;0;1;1;0;1;1;0;0;1;0;0;1;0;0;0;0;0;0;0;0;0;0;0;0;0;0;0;0;0;0;0;0;13;18;31;5.3
A;1;1;0;1;1;0;1;0;0;0;1;0;0;0;0;0;0;1;1;0;0;0;1;1;0;1;1;0;1;1;0;0;1;0;0;1;0;1;0;0;0;0;1;0;1;0;0;0;0;0;0;0;0;19;12;31;5.3
A;1;0;0;0;1;0;0;0;0;0;1;0;0;1;0;0;0;1;0;0;0;0;1;0;0;1;1;0;0;1;0;0;1;0;0;0;0;0;0;0;0;0;0;0;0;0;0;0;0;0;0;0;0;10;21;31;5.4
A;1;1;0;1;1;0;1;0;0;0;1;0;0;0;0;0;0;1;1;0;0;0;1;1;0;1;1;0;0;1;0;0;0;0;0;1;0;0;0;0;0;0;1;0;1;0;0;0;0;0;0;0;0;16;15;31;5.4
A;0;0;0;0;0;0;0;0;0;0;0;0;0;0;0;0;0;1;0;0;0;0;0;0;0;0;0;0;0;0;0;0;0;0;0;0;0;0;0;0;0;0;0;0;0;0;0;0;0;0;0;0;0;1;30;31;5.4
A;0;1;0;0;1;0;1;0;0;0;0;0;0;0;0;0;0;1;1;0;0;0;1;1;0;1;1;0;1;1;0;0;1;0;0;1;0;1;1;0;0;0;1;0;1;0;0;0;0;0;0;0;0;17;14;31;5.4
A;1;0;0;1;1;0;1;0;0;0;1;0;0;0;0;0;0;1;0;0;0;0;1;1;0;1;1;0;1;0;0;0;0;0;0;0;0;1;0;0;0;0;1;0;1;0;0;0;0;0;0;0;0;20;19;39;5.4
A;1;1;0;1;1;0;1;0;0;0;1;0;0;0;0;0;0;1;1;0;0;0;1;1;0;1;1;0;1;1;0;0;0;0;0;1;0;1;0;0;0;0;1;0;1;0;0;0;0;0;0;0;0;26;13;39;5.4
A;1;1;0;1;1;0;0;0;0;0;1;0;0;0;0;0;0;1;1;0;0;0;1;1;0;1;1;0;0;1;0;0;0;0;0;1;0;1;0;0;0;0;0;0;1;0;0;0;0;0;0;0;0;15;16;31;5.4
A;0;0;0;1;1;0;1;0;0;0;1;0;0;0;0;0;0;1;0;0;0;0;1;1;0;1;0;0;1;1;0;0;0;0;0;0;0;1;0;0;0;0;1;0;1;0;0;0;0;0;0;0;0;13;18;31;5.4
A;0;1;0;1;1;0;1;0;0;0;0;0;0;0;0;0;0;0;0;0;0;0;1;1;0;0;0;0;0;1;0;0;1;0;0;0;0;0;1;0;0;0;1;0;1;0;0;0;0;0;0;0;0;11;20;31;5.4
A;1;0;0;0;1;0;1;0;0;0;1;0;0;1;0;0;0;1;1;0;0;0;1;1;0;1;1;0;1;1;0;0;1;0;0;0;0;1;0;0;0;0;1;0;1;0;0;0;0;0;0;0;0;17;14;31;5.4
A;1;1;0;1;1;0;1;1;0;0;1;1;1;0;0;0;0;1;1;0;0;1;1;1;0;1;1;0;1;1;0;0;1;0;0;1;0;1;0;0;0;0;1;0;1;0;0;0;0;0;0;0;0;23;8;31;5.4
A;1;1;0;1;1;0;1;0;0;0;1;0;0;0;0;0;0;1;1;0;0;0;1;1;0;1;1;0;0;1;0;0;0;0;0;1;0;0;0;0;0;0;1;0;1;0;0;0;0;0;0;0;0;16;15;31;5.4
A;0;0;0;0;0;0;0;0;0;0;0;0;0;0;0;0;0;0;0;0;0;0;0;0;0;0;0;0;0;0;0;0;0;0;0;0;0;0;0;0;0;0;0;0;0;0;0;0;0;0;0;0;0;0;31;31;5.4
A;1;1;0;1;1;0;1;0;0;0;1;0;0;0;0;0;0;1;0;0;0;0;1;1;0;1;1;0;1;1;0;0;0;0;0;0;0;1;0;0;0;0;1;0;1;0;0;0;0;0;0;0;0;16;23;39;5.4
A;1;1;0;1;1;0;1;0;0;0;1;0;0;0;0;0;0;1;1;0;0;0;1;1;0;1;1;0;1;0;0;0;1;0;0;0;0;0;0;0;0;0;1;0;1;0;0;0;0;0;0;0;0;16;23;39;5.4
A;0;1;0;0;0;0;0;0;0;0;0;0;0;0;0;0;0;0;0;0;0;0;0;0;0;0;0;0;0;0;0;0;0;0;0;0;0;0;0;0;0;0;0;0;0;0;0;0;0;0;0;0;0;1;30;31;5.4
A;0;0;0;0;0;0;0;0;0;0;0;0;0;0;0;0;0;0;0;0;0;0;0;0;0;0;0;0;0;0;0;0;0;0;0;0;0;0;0;0;0;0;0;0;0;0;0;0;0;0;0;0;0;0;31;31;5.4
A;1;1;0;1;1;0;1;0;0;0;1;0;0;0;0;0;0;1;1;0;0;0;1;1;0;1;1;0;0;1;0;0;1;0;0;1;0;0;0;0;0;0;1;0;1;0;0;0;0;0;0;0;0;17;14;31;5.4
A;1;1;0;1;1;0;1;0;0;0;1;0;0;0;0;0;0;1;0;0;0;0;1;1;0;1;1;0;1;1;0;0;1;0;0;1;0;1;0;0;0;0;0;0;1;0;0;0;0;0;0;0;0;17;14;31;5.4
A;1;1;0;1;1;0;1;0;0;0;1;0;1;1;0;0;0;1;1;0;0;0;1;1;0;1;1;0;1;1;0;0;1;0;0;1;0;1;1;0;0;0;1;0;1;0;0;0;0;0;0;0;0;22;9;31;5.4
A;0;0;0;1;1;0;1;0;0;0;1;0;0;1;0;0;0;1;1;0;0;0;1;1;0;1;1;0;1;1;0;0;1;0;0;1;0;1;0;0;0;0;1;0;1;0;0;0;0;0;0;0;0;18;21;39;5.4
A;1;0;0;1;1;0;0;0;0;0;1;0;0;0;0;0;0;1;1;0;0;0;1;1;0;1;1;0;0;1;0;0;1;0;0;1;0;0;0;0;0;0;1;0;0;0;0;0;0;0;0;0;0;19;20;39;5.5
A;1;1;0;1;1;0;1;1;0;0;1;0;0;0;0;0;0;1;1;0;0;0;1;1;0;1;1;0;0;1;0;0;1;0;0;1;0;1;1;0;0;0;1;0;1;0;0;0;0;0;0;0;0;20;11;31;5.5
A;1;0;0;1;1;0;0;0;0;0;1;0;0;0;0;0;0;1;0;0;0;0;1;0;0;1;1;0;0;1;0;0;0;0;0;0;0;0;0;0;0;0;0;0;0;0;0;0;0;0;0;0;0;9;15;24;5.5
A;1;1;0;1;1;0;1;0;0;0;1;0;0;0;0;0;0;1;1;0;0;0;1;1;0;1;1;0;0;1;0;0;1;0;0;1;0;0;0;0;0;0;0;0;1;0;0;0;0;0;0;0;0;16;15;31;5.5
A;0;1;0;1;1;0;0;0;0;0;1;0;0;0;0;0;0;1;0;0;0;0;1;0;0;1;1;0;1;1;0;0;0;0;0;0;0;0;0;0;0;0;1;0;1;0;0;0;0;0;0;0;0;12;19;31;5.5
A;1;1;0;1;1;0;1;0;0;0;1;0;0;1;0;0;0;1;1;0;0;0;1;1;0;1;1;0;0;1;0;0;1;0;0;1;0;1;0;0;0;0;1;0;1;0;0;0;0;0;0;0;0;19;20;39;5.5
A;1;0;0;0;1;0;1;0;0;0;1;0;0;1;0;0;0;1;1;0;0;0;1;1;0;1;1;0;0;1;0;0;1;0;0;1;0;1;0;0;0;0;0;0;0;0;0;0;0;0;0;0;0;15;16;31;5.5
A;1;0;0;1;1;0;0;1;0;0;1;0;0;1;0;0;0;1;1;0;0;0;1;1;0;1;1;0;0;1;0;0;1;0;0;1;0;0;0;0;0;0;1;0;0;0;0;0;0;0;0;0;0;16;15;31;5.5
A;1;0;0;1;1;0;0;0;0;0;1;0;0;0;0;0;0;1;1;0;0;0;1;1;0;1;1;0;0;1;0;0;1;0;0;1;0;0;0;0;0;0;0;0;0;0;0;0;0;0;0;0;0;13;18;31;5.5
A;1;1;0;1;1;0;1;1;0;0;1;0;0;1;0;0;0;1;0;0;0;0;1;1;0;1;1;0;0;1;0;0;1;0;0;1;0;0;0;0;0;0;1;0;1;0;0;0;0;0;0;0;0;18;13;31;5.5
A;1;1;0;1;1;0;1;0;0;0;1;0;0;0;0;0;0;1;0;0;0;0;1;1;0;1;1;0;0;1;0;0;1;0;0;0;0;1;0;0;0;0;1;0;1;0;0;0;0;0;0;0;0;16;15;31;5.5
A;1;0;0;1;1;0;0;0;0;0;1;0;0;0;0;0;0;1;0;0;0;0;1;1;0;1;1;0;0;1;0;0;1;0;0;1;0;1;0;0;0;0;1;0;0;0;0;0;0;0;0;0;0;14;17;31;5.5
A;1;0;0;0;1;0;0;0;0;0;0;0;0;0;0;0;0;0;0;0;0;0;1;1;0;0;1;0;1;1;0;0;0;0;0;0;0;0;0;0;0;0;0;0;1;0;0;0;0;0;0;0;0;8;23;31;5.5
A;0;0;0;1;0;0;0;0;0;0;0;0;0;1;0;0;0;1;0;0;0;0;1;0;0;1;0;0;0;1;0;0;1;0;0;0;0;1;0;0;0;0;1;0;1;0;0;0;0;0;0;0;0;10;37;47;5.5
A;0;0;0;0;0;0;0;0;0;0;0;0;0;0;0;0;0;0;0;0;0;0;0;0;0;0;0;0;0;0;0;0;0;0;0;0;0;0;0;0;0;0;0;0;0;0;0;0;0;0;0;0;0;0;16;16;5.5
A;0;0;0;1;1;0;1;0;0;0;1;0;0;0;0;0;0;1;0;0;0;0;1;1;0;1;1;0;1;1;0;0;1;0;0;1;0;1;0;0;0;0;1;0;1;0;0;0;0;0;0;0;0;16;15;31;5.5
A;0;0;0;1;1;0;0;0;0;0;1;0;0;1;0;0;0;1;0;0;0;0;1;1;0;0;1;0;0;1;0;0;1;0;0;0;0;0;0;0;0;0;1;0;1;0;0;0;0;0;0;0;0;12;19;31;5.5
A;1;0;0;1;1;0;0;0;0;0;1;0;0;0;0;0;0;1;0;0;0;0;1;0;0;1;1;0;0;0;0;0;0;0;0;1;0;0;0;0;0;0;0;0;0;0;0;0;0;0;0;0;0;9;22;31;5.6
A;1;1;0;1;1;0;1;1;0;0;1;0;0;1;0;0;0;1;1;0;0;0;1;1;0;1;1;0;1;1;0;0;1;0;0;1;0;1;0;0;0;0;1;0;1;0;0;0;0;0;0;0;0;28;19;47;5.6
A;1;1;1;1;1;0;1;0;0;1;0;0;0;0;0;0;0;0;0;0;0;0;0;1;0;0;0;0;1;1;0;0;0;1;0;0;0;0;0;0;0;0;0;0;0;0;0;0;0;0;0;0;0;11;20;31;5.6
A;1;1;0;1;1;0;1;0;0;1;1;0;0;0;0;0;0;1;1;0;0;0;1;1;0;1;1;0;0;1;0;0;0;0;0;0;0;0;0;0;0;0;1;0;1;0;0;0;0;0;0;0;0;16;15;31;5.6
A;0;1;0;1;1;0;1;0;0;0;0;0;0;1;0;0;0;1;0;0;0;0;0;1;0;1;1;0;0;0;0;0;1;0;0;0;0;0;0;0;0;0;1;0;1;0;0;0;0;0;0;0;0;12;35;47;5.6
A;1;1;0;1;1;0;0;0;0;0;1;0;0;0;0;0;0;1;1;0;0;0;1;1;0;1;1;0;1;1;0;0;1;0;0;0;0;0;0;0;0;0;1;0;1;0;0;0;0;0;0;0;0;16;15;31;5.6
A;1;1;0;1;1;0;1;0;0;0;1;0;0;0;0;0;0;1;1;0;0;0;1;1;0;1;1;0;0;1;0;0;1;0;0;1;0;0;0;0;0;0;1;0;0;0;0;0;0;0;0;0;0;16;15;31;5.6
A;1;1;0;0;1;0;1;0;0;0;1;0;0;0;0;0;0;1;1;0;0;0;1;1;0;1;1;0;0;1;0;0;0;0;0;1;0;1;0;0;0;0;1;0;1;0;0;0;0;0;0;0;0;16;15;31;5.6
A;0;0;0;1;1;0;0;0;0;0;0;0;0;0;0;0;0;1;1;0;0;0;0;1;0;1;1;0;1;1;0;0;0;0;0;1;0;0;0;0;0;0;1;0;0;0;0;0;0;0;0;0;0;11;20;31;5.6
A;1;1;0;1;1;0;1;0;0;0;1;0;0;1;0;0;0;1;1;0;0;0;1;1;0;1;1;0;0;1;0;0;1;0;0;1;0;1;0;0;0;0;1;0;1;0;0;0;0;0;0;0;0;19;12;31;5.6
A;1;1;0;1;1;0;1;1;1;0;1;0;1;1;0;0;0;1;1;0;0;1;1;1;0;1;1;0;1;1;0;0;1;0;0;1;0;1;1;0;0;0;1;0;1;0;0;0;0;0;0;0;0;25;6;31;5.6
A;1;0;0;1;1;0;0;1;0;0;1;1;0;1;0;0;0;1;0;0;0;0;1;0;0;1;1;0;0;1;0;0;1;0;0;1;0;0;0;0;0;0;0;0;1;0;0;0;0;0;0;0;0;15;16;31;5.6
A;0;1;0;1;1;0;1;0;0;0;1;0;0;1;0;0;0;1;0;0;0;0;1;0;0;1;1;0;0;1;0;0;0;0;0;0;0;1;0;0;0;0;1;0;1;0;0;0;0;0;0;0;0;14;17;31;5.6
A;1;1;0;1;1;0;1;0;0;0;1;0;0;1;0;0;0;1;0;0;0;0;1;1;0;1;1;0;1;1;0;0;1;0;0;0;0;1;0;0;0;0;1;0;1;0;0;0;0;0;0;0;0;18;21;39;5.6
A;1;0;0;1;1;0;1;0;0;0;0;0;0;1;0;0;0;1;0;0;0;0;1;1;0;1;1;0;1;1;0;0;1;0;0;1;0;1;0;0;0;0;1;0;1;0;0;0;0;0;0;0;0;17;14;31;5.6
A;1;1;0;1;1;0;1;0;0;0;1;0;0;0;0;0;0;1;1;0;0;0;0;0;0;1;1;0;0;1;0;0;1;0;0;1;0;0;0;0;0;0;1;0;1;0;0;0;0;0;0;0;0;15;16;31;5.6
A;1;0;0;0;1;0;0;0;1;0;1;1;0;1;0;0;0;1;0;0;0;0;1;0;0;1;1;0;1;1;0;0;1;0;0;0;0;1;0;0;0;0;0;0;0;0;0;0;1;0;0;0;0;15;16;31;5.6
A;1;0;0;1;1;0;1;0;0;0;1;0;0;1;0;0;0;1;1;0;0;0;1;1;0;1;1;0;1;1;0;0;1;0;0;1;0;1;0;0;0;0;1;0;1;0;0;0;0;0;0;0;0;19;12;31;5.6
A;1;1;0;1;1;0;1;0;0;0;1;0;0;0;0;0;0;1;1;0;0;0;1;0;0;1;1;0;0;1;0;0;1;0;0;1;0;0;0;0;0;0;1;0;1;0;0;0;0;0;0;0;0;16;15;31;5.6
A;1;1;0;1;1;0;1;1;0;0;1;0;0;0;0;0;0;1;1;0;0;0;1;1;0;1;1;0;1;1;0;0;1;0;0;1;0;1;0;0;0;0;1;0;1;0;0;0;0;0;0;0;0;20;11;31;5.6
A;1;1;0;1;1;0;0;0;0;0;1;0;0;1;0;0;0;1;0;0;0;0;1;1;0;1;1;0;0;1;0;0;1;0;0;0;0;0;0;0;0;0;1;0;1;0;0;0;0;0;0;0;0;15;16;31;5.6
A;1;0;0;1;1;0;0;0;0;0;1;0;0;0;0;0;0;1;1;0;0;0;1;1;0;1;1;0;0;1;0;0;1;0;0;1;0;0;0;0;0;0;1;0;0;0;0;0;0;0;0;0;0;20;27;47;5.7
A;0;0;0;0;1;0;0;0;0;0;0;0;0;0;0;0;0;1;0;0;0;0;1;0;0;1;0;0;0;0;0;0;0;0;0;0;0;0;0;0;0;0;0;0;0;0;0;0;0;0;0;0;0;4;12;16;5.7
A;1;1;0;1;1;0;1;0;0;0;1;0;1;0;0;0;0;1;0;0;0;0;1;0;0;1;1;0;0;1;0;0;0;0;0;1;0;1;0;0;0;0;1;0;1;0;0;0;0;0;0;0;0;16;15;31;5.7
A;1;1;0;1;1;0;1;0;0;0;1;0;0;1;0;0;0;1;1;0;0;0;1;1;0;1;1;0;0;1;0;0;1;0;0;1;0;0;0;0;0;0;1;0;1;0;0;0;0;0;0;0;0;26;13;39;5.7
A;0;1;0;0;0;0;1;0;0;1;0;0;0;0;0;0;0;0;0;0;0;1;0;0;0;0;0;0;1;0;0;0;0;0;0;0;0;1;0;0;0;0;0;0;1;0;0;0;0;0;0;0;0;7;24;31;5.7
A;1;0;0;1;1;0;1;0;0;0;1;0;0;0;0;0;0;1;1;0;0;0;1;1;0;1;1;0;0;1;0;0;1;0;0;1;0;0;1;0;0;0;1;0;1;0;0;0;0;0;0;0;0;17;14;31;5.7
A;1;0;0;1;1;0;0;0;0;0;1;0;0;0;0;0;0;1;1;0;0;0;1;1;0;1;1;0;0;1;0;0;0;0;0;1;0;0;0;0;0;0;1;0;0;0;0;0;0;0;0;0;0;19;20;39;5.7
A;1;0;0;1;1;0;0;0;0;0;0;0;0;0;0;0;0;1;1;0;0;0;0;1;0;1;1;0;0;1;0;0;0;0;0;0;0;1;0;0;0;0;1;0;0;0;0;0;0;0;0;0;0;11;20;31;5.7
A;1;0;0;1;1;0;1;0;0;0;1;0;1;0;0;0;0;1;0;0;0;0;1;1;0;1;1;0;1;1;0;0;0;0;0;0;0;1;1;0;0;0;1;0;1;0;0;0;0;0;0;0;0;17;14;31;5.7
A;1;1;0;1;1;0;1;0;0;0;1;0;0;0;0;0;0;1;1;0;0;0;1;1;0;1;1;0;0;1;0;0;0;0;0;1;0;0;0;0;0;0;1;0;1;0;0;0;0;0;0;0;0;16;15;31;5.7
A;1;0;0;1;1;0;0;0;0;0;1;0;0;0;0;0;0;1;1;0;0;0;1;1;0;1;1;0;0;1;0;0;1;0;0;1;0;0;0;0;0;0;1;0;1;0;0;0;0;0;0;0;0;15;16;31;5.7
A;1;1;0;1;1;0;1;0;0;0;1;0;0;0;0;0;0;1;0;0;0;0;1;1;0;1;1;0;1;1;0;0;0;0;0;0;0;1;0;0;0;0;1;0;0;0;0;0;0;0;0;0;0;15;24;39;5.7
A;1;0;0;1;1;0;0;0;0;0;1;0;0;0;0;0;0;1;1;0;0;0;1;1;0;1;1;0;0;1;0;0;1;0;0;1;0;0;0;0;0;0;1;0;0;0;0;0;0;0;0;0;0;14;10;24;5.7
A;1;1;0;1;1;0;1;1;0;0;1;0;0;0;0;0;0;1;1;0;0;0;1;1;0;1;1;0;1;1;0;0;1;0;0;0;0;1;0;0;0;0;1;0;1;0;0;0;0;0;0;0;0;19;12;31;5.7
A;1;1;0;1;1;0;1;0;0;0;1;0;1;0;0;0;0;1;0;0;0;0;1;1;0;1;1;0;1;1;0;0;0;0;0;0;0;0;0;0;0;0;1;0;0;0;0;0;0;0;0;0;0;15;16;31;5.7
A;1;1;0;1;1;0;1;0;0;0;1;0;0;0;0;0;0;1;1;0;0;0;1;1;0;1;1;0;0;1;0;0;1;0;0;1;0;1;1;0;0;0;1;0;1;0;0;0;0;0;0;0;0;19;12;31;5.7
A;1;0;0;1;1;0;0;1;0;0;1;0;0;1;0;0;0;1;1;0;0;0;1;1;0;1;1;0;0;1;0;0;1;0;0;0;0;0;0;0;0;0;1;0;0;0;0;0;0;0;0;0;0;15;16;31;5.7
A;1;1;0;1;1;0;1;1;0;1;1;1;1;1;0;0;0;1;1;0;0;1;1;1;0;1;1;0;1;1;0;0;1;0;0;1;0;1;1;0;0;0;1;0;1;0;0;0;0;0;0;0;0;26;5;31;5.7
A;1;1;0;0;1;0;1;0;0;0;1;0;0;0;0;0;0;1;0;0;0;0;1;0;0;1;1;0;0;1;0;0;0;0;0;1;0;0;0;0;0;0;0;0;1;0;0;0;0;0;0;0;0;12;19;31;5.7
A;1;1;0;1;1;0;1;1;1;1;1;1;1;1;0;0;0;1;1;0;0;1;1;1;0;1;1;0;1;1;0;0;1;0;0;1;0;1;1;0;0;0;1;0;1;0;0;0;0;0;0;0;0;27;4;31;5.7
A;1;0;0;1;1;0;0;0;0;0;1;0;0;1;0;0;0;1;1;0;0;0;1;1;0;1;1;0;1;0;0;0;1;0;0;0;0;0;0;0;0;0;1;0;1;0;0;0;0;0;0;0;0;15;24;39;5.8
A;0;1;0;1;1;0;0;0;0;0;1;0;0;0;0;0;0;1;0;0;0;0;1;0;0;0;1;0;1;1;0;0;0;0;0;0;0;0;0;0;0;0;1;0;1;0;0;0;0;0;0;0;0;11;20;31;5.8
A;1;0;1;0;1;0;0;0;0;1;1;0;0;1;0;0;0;1;1;0;0;0;1;0;0;1;1;0;0;1;0;0;1;1;0;1;0;0;0;0;0;0;0;0;0;0;0;0;0;0;0;0;0;15;16;31;5.8
A;1;1;0;1;1;0;1;0;0;0;1;0;0;0;0;0;0;1;1;0;0;0;1;1;0;1;1;0;1;1;0;0;1;0;0;1;0;1;1;0;0;0;1;0;1;0;0;0;0;0;0;0;0;20;19;39;5.8
A;0;0;0;0;1;0;0;0;0;0;0;0;0;0;0;0;0;1;0;0;0;0;1;1;0;1;1;0;0;0;0;0;1;0;0;1;0;1;0;0;0;0;0;0;1;0;0;0;0;0;0;0;0;10;21;31;5.8
A;1;1;0;1;1;0;1;0;0;0;1;0;0;0;0;0;0;1;0;0;0;0;1;1;0;1;1;0;1;1;0;0;1;0;0;1;0;1;0;0;0;0;0;0;1;0;0;0;0;0;0;0;0;17;14;31;5.8
A;1;1;0;1;1;0;1;0;0;0;1;0;1;0;0;0;0;1;1;0;0;1;1;1;0;1;1;0;1;1;0;0;1;0;0;1;0;1;1;0;0;0;0;0;1;0;0;0;0;0;0;0;0;21;10;31;5.8
A;1;0;0;1;1;0;0;0;0;0;1;0;0;0;0;0;0;1;0;0;0;0;1;1;0;1;1;0;1;1;0;0;1;0;0;1;0;1;0;0;0;0;1;0;1;0;0;0;0;0;0;0;0;16;15;31;5.8
A;1;0;0;1;1;0;0;0;0;0;1;0;0;0;0;0;0;1;1;0;0;0;1;1;0;1;1;0;0;1;0;0;1;0;0;1;0;0;0;0;0;0;1;0;0;0;0;0;0;0;0;0;0;14;17;31;5.8
A;1;0;0;1;1;0;0;0;0;0;1;0;0;0;0;0;0;1;1;0;0;0;1;1;0;1;1;0;0;1;0;0;0;0;0;1;0;0;0;0;0;0;1;0;0;0;0;0;0;0;0;0;0;21;18;39;5.8
A;1;0;0;1;1;0;1;0;0;0;1;0;0;0;0;0;0;1;1;0;0;0;1;1;0;1;1;0;0;1;0;0;1;0;0;0;0;0;0;0;0;0;1;0;1;0;0;0;0;0;0;0;0;15;16;31;5.8
A;1;1;0;1;1;0;1;0;0;0;1;0;0;0;0;0;0;1;1;0;0;0;1;1;0;0;1;0;0;1;0;0;0;0;0;0;0;0;0;0;0;0;1;0;1;0;0;0;0;0;0;0;0;14;25;39;5.8
A;1;1;0;1;1;0;0;1;0;0;1;0;0;1;0;0;0;1;1;0;0;0;1;1;0;1;1;0;1;1;0;0;1;0;0;1;0;1;0;0;0;0;1;0;1;0;0;0;0;0;0;0;0;20;19;39;5.8
A;1;1;0;1;1;0;1;0;0;0;1;0;0;0;0;0;0;1;1;0;0;0;1;1;0;1;1;0;0;1;0;0;1;0;0;0;0;0;0;0;0;0;1;0;1;0;0;0;0;0;0;0;0;16;15;31;5.8
A;1;0;0;1;1;0;1;0;0;0;1;0;0;0;0;0;0;1;1;0;0;0;1;1;0;1;1;0;0;0;0;0;0;0;0;1;0;0;0;0;0;0;1;0;1;0;0;0;0;0;0;0;0;14;17;31;5.8
A;1;1;0;1;0;0;0;0;0;0;0;0;0;0;0;0;0;1;1;0;0;0;0;1;0;1;1;0;0;0;0;0;0;0;0;1;0;0;1;0;0;0;1;0;1;0;0;0;0;0;0;0;0;12;27;39;5.8
A;1;1;0;1;1;0;1;0;0;0;1;0;0;0;0;0;0;1;0;0;0;0;1;0;0;1;1;0;0;1;0;0;0;0;0;0;0;1;0;0;0;0;1;0;1;0;0;0;0;0;0;0;0;20;19;39;5.8
A;1;0;0;0;1;0;0;1;0;0;1;0;0;0;0;0;0;0;1;0;0;0;1;1;0;1;1;0;0;1;0;0;0;0;0;1;0;0;0;0;0;0;0;0;0;0;0;0;0;0;0;0;0;17;22;39;5.8
A;1;1;0;1;1;0;0;1;0;0;1;0;0;1;0;0;0;1;1;0;0;0;1;1;0;1;1;0;0;1;0;0;1;0;0;1;0;0;1;0;0;0;1;0;0;0;0;0;0;0;0;0;0;18;13;31;5.8
A;1;0;0;0;1;0;0;0;0;0;1;0;0;0;0;0;0;1;0;0;0;0;1;0;0;1;1;0;0;1;0;0;0;0;0;0;0;0;0;0;0;0;0;0;0;0;0;0;0;0;0;0;0;8;23;31;5.8
A;1;1;0;1;1;0;1;1;0;1;1;1;1;1;0;0;0;1;1;0;0;1;1;1;0;1;1;0;1;1;0;0;1;0;0;1;0;1;1;0;0;0;1;0;1;0;0;0;0;0;0;0;0;26;5;31;5.8
A;0;0;0;1;1;0;0;1;0;0;1;0;0;0;0;0;0;1;0;0;0;0;1;1;0;1;1;0;0;1;0;0;1;0;0;1;0;0;0;0;0;0;1;0;1;0;0;0;0;0;0;0;0;14;17;31;5.8
A;1;0;0;1;1;0;1;0;0;0;1;0;0;0;0;0;0;1;0;0;0;1;1;1;0;1;1;0;0;1;0;0;1;0;0;1;0;1;0;0;0;0;1;0;1;0;0;0;0;0;0;0;0;17;14;31;5.8
A;1;1;0;1;1;0;1;0;0;0;1;0;0;0;0;0;0;1;1;0;0;0;1;1;0;1;1;0;0;1;0;0;0;0;0;0;0;0;0;0;0;0;1;0;1;0;0;0;0;0;0;0;0;15;24;39;5.9
A;1;1;0;1;1;0;0;0;0;0;0;0;0;1;0;0;0;1;0;0;0;0;1;1;0;1;0;0;0;1;0;0;1;0;0;0;0;0;0;0;0;0;1;0;1;0;0;0;0;0;0;0;0;13;18;31;5.9
A;0;1;0;0;1;0;0;0;0;0;0;1;0;0;0;0;0;1;0;0;0;0;0;0;0;0;0;0;0;0;0;0;0;0;0;0;0;1;0;0;0;0;0;0;1;0;0;0;1;0;0;0;0;7;32;39;5.9
A;0;1;0;1;1;0;0;0;0;0;0;0;0;0;0;0;0;1;0;0;0;0;1;0;0;1;0;0;1;1;0;0;0;0;0;1;0;1;0;0;0;0;1;0;1;0;0;0;0;0;0;0;0;12;19;31;5.9
A;1;1;0;1;1;0;1;0;0;0;1;0;0;0;0;0;0;1;1;0;0;0;1;1;0;1;1;0;1;1;0;0;1;0;0;1;0;0;1;0;0;0;1;0;1;0;0;0;0;0;0;0;0;26;13;39;5.9
A;1;1;0;1;1;0;1;0;0;0;1;0;0;0;0;0;0;1;1;0;0;0;1;1;0;1;1;0;0;1;0;0;1;0;0;0;0;0;0;0;0;0;1;0;1;0;0;0;0;0;0;0;0;16;23;39;5.9
A;1;1;0;1;1;0;1;0;0;0;1;0;0;1;0;0;0;1;1;0;0;0;1;1;0;1;1;0;0;1;0;0;1;0;0;1;0;1;0;0;0;0;1;0;1;0;0;0;0;0;0;0;0;19;12;31;5.9
A;1;1;0;1;1;0;1;1;0;0;1;0;0;1;0;0;0;1;1;0;0;0;1;1;0;1;1;0;1;1;0;0;1;0;0;1;0;0;0;0;0;0;1;0;1;0;0;0;0;0;0;0;0;20;11;31;5.9
A;1;1;0;1;1;0;1;0;0;0;1;0;0;0;0;0;0;1;0;0;0;0;1;1;0;1;1;0;0;1;0;0;1;0;0;1;0;0;0;0;0;0;1;0;1;0;0;0;0;0;0;0;0;16;15;31;5.9
A;1;1;0;1;1;0;1;0;0;0;1;0;0;0;0;0;0;1;1;0;0;0;1;1;0;1;1;0;0;1;0;0;1;0;0;1;0;0;1;0;0;0;1;0;1;0;0;0;0;0;0;0;0;18;13;31;5.9
A;1;1;0;1;1;0;1;0;0;0;1;0;0;0;0;0;0;1;0;0;0;0;1;1;0;1;1;0;1;1;0;0;1;0;0;1;0;1;0;0;0;0;1;0;1;0;0;0;0;0;0;0;0;18;13;31;5.9
A;1;0;0;1;1;0;1;1;0;1;1;1;0;1;0;0;0;1;1;0;0;1;1;0;0;1;1;0;0;1;0;0;1;0;0;1;0;1;1;0;0;0;1;0;1;0;0;0;0;0;0;0;0;22;9;31;5.9
A;1;1;0;1;1;0;0;0;0;0;1;0;0;1;0;0;0;1;1;0;0;0;1;1;0;1;1;0;0;1;0;0;1;0;0;1;0;0;0;0;0;0;0;0;1;0;0;0;0;0;0;0;0;16;15;31;5.9
A;1;1;0;1;1;0;1;1;0;1;1;0;1;1;0;0;0;1;1;0;0;1;1;1;0;1;1;0;1;1;0;0;1;0;0;1;0;1;1;0;0;0;1;0;1;0;0;0;0;0;0;0;0;25;14;39;5.9
A;1;1;0;1;1;0;1;0;1;0;1;0;1;0;0;0;0;1;0;0;0;0;1;1;0;1;1;0;1;1;0;0;0;0;0;0;0;1;1;0;0;0;1;0;1;0;0;0;0;0;0;0;0;22;17;39;5.9
A;0;1;0;1;1;0;1;1;0;0;1;0;0;0;0;0;0;1;0;0;0;0;1;1;0;1;0;0;1;0;0;0;0;0;0;0;0;1;0;0;0;0;0;0;1;0;0;0;0;0;0;0;0;13;26;39;5.9
A;0;1;0;1;1;0;1;0;0;0;1;0;1;0;0;0;0;1;0;0;0;0;1;1;0;1;1;0;1;1;0;0;0;0;0;0;0;1;0;0;0;0;0;0;1;0;0;0;0;0;0;0;0;15;24;39;6
A;1;1;0;1;1;0;1;0;0;0;1;0;0;0;0;0;0;1;0;0;0;0;1;1;0;1;1;0;1;1;0;0;1;0;0;0;0;1;0;0;0;0;0;0;1;0;0;0;0;0;0;0;0;16;15;31;6
A;1;0;0;1;1;0;0;1;0;0;1;0;0;0;0;0;0;1;1;0;0;0;1;1;0;1;1;0;0;1;0;0;1;0;0;1;0;0;0;0;0;0;1;0;0;0;0;0;0;0;0;0;0;22;17;39;6
A;1;1;0;1;1;0;0;0;0;0;1;0;0;0;0;0;0;1;1;0;0;0;1;1;0;1;1;0;0;1;0;0;1;0;0;1;0;0;0;0;0;0;1;0;1;0;0;0;0;0;0;0;0;24;15;39;6
A;0;1;0;1;1;0;1;0;0;0;0;0;0;0;0;0;0;1;1;0;0;0;1;0;0;1;1;0;0;1;0;0;1;0;0;0;0;0;1;0;0;0;1;0;1;0;0;0;0;0;0;0;0;14;17;31;6
A;1;1;0;1;1;0;0;0;0;0;1;0;0;0;0;0;0;1;1;0;0;0;1;1;0;1;1;0;1;1;0;0;0;0;0;1;0;0;1;0;0;0;1;0;0;0;0;0;0;0;0;0;0;16;15;31;6
A;1;1;0;1;1;0;0;0;0;0;1;0;0;1;0;0;0;1;1;0;0;0;1;1;0;1;1;0;0;1;0;0;1;0;0;1;0;0;0;0;0;0;1;0;1;0;0;0;0;0;0;0;0;24;23;47;6
A;1;1;0;1;1;0;1;0;0;0;1;0;0;0;0;0;0;1;1;0;0;0;1;1;0;1;1;0;0;0;0;0;0;0;0;1;0;0;1;0;0;0;1;0;1;0;0;0;0;0;0;0;0;16;15;31;6
A;0;0;0;1;1;0;0;0;0;0;1;0;0;0;0;0;0;1;1;0;0;0;1;0;0;1;1;0;0;1;0;0;1;0;0;1;0;0;0;0;0;0;1;0;0;0;0;0;0;0;0;0;0;12;27;39;6
A;0;0;0;0;1;0;0;0;0;0;0;0;0;0;0;0;0;1;0;0;0;0;0;0;0;1;0;0;0;0;0;0;0;0;0;0;0;0;0;0;0;0;0;0;0;0;0;0;0;0;0;0;0;3;13;16;6
A;1;1;0;1;1;0;1;0;0;0;1;0;0;1;0;0;0;1;1;0;0;0;1;1;0;1;1;0;0;1;0;0;1;0;0;1;0;0;0;0;0;0;1;0;1;0;0;0;0;0;0;0;0;25;14;39;6
A;1;1;0;1;1;0;1;0;0;0;1;0;0;0;0;0;0;1;1;0;0;0;1;1;0;1;1;0;1;1;0;0;0;0;0;0;0;0;0;0;0;0;1;0;1;0;0;0;0;0;0;0;0;16;15;31;6
A;1;1;0;1;1;0;1;1;0;1;1;1;1;1;0;0;0;1;1;0;0;1;1;1;0;1;1;0;1;1;0;0;1;0;0;1;0;1;1;0;0;0;1;0;1;0;0;0;0;0;0;0;0;26;5;31;6
A;1;0;0;0;1;0;0;0;0;0;1;0;0;0;0;0;0;1;0;0;0;0;1;1;0;1;1;0;0;1;0;0;0;0;0;0;0;0;0;0;0;0;0;0;0;0;0;0;0;0;0;0;0;15;24;39;6
A;1;1;0;1;1;0;1;0;0;0;1;0;1;0;0;0;0;1;1;0;0;0;1;1;0;1;1;0;1;1;0;0;1;0;0;0;0;1;1;0;0;0;1;0;1;0;0;0;0;0;0;0;0;20;11;31;6
A;0;1;0;1;1;0;1;0;0;0;1;0;1;0;0;0;0;1;0;0;0;0;1;1;0;1;1;0;0;1;0;0;0;0;0;0;0;1;0;0;0;0;1;0;1;0;0;0;0;0;0;0;0;15;16;31;6
A;1;1;0;1;1;0;1;0;0;0;1;0;0;0;0;0;0;1;1;0;0;0;1;1;0;1;1;0;0;1;0;0;1;0;0;1;0;0;0;0;0;0;1;0;1;0;0;0;0;0;0;0;0;17;14;31;6.1
A;1;1;0;1;1;0;1;0;0;0;1;0;0;0;0;0;0;1;1;0;0;0;1;1;0;1;1;0;1;1;0;0;1;0;0;1;0;1;1;0;0;0;1;0;1;0;0;0;0;0;0;0;0;20;11;31;6.1
A;1;1;0;1;1;0;1;0;0;0;1;0;0;0;0;0;0;1;1;0;0;0;1;1;0;1;1;0;0;1;0;0;1;0;0;1;0;0;0;0;0;0;1;0;1;0;0;0;0;0;0;0;0;53;17;70;6.1
A;1;0;0;1;1;0;0;0;0;0;1;0;0;0;0;0;0;1;1;0;0;0;1;0;0;1;1;0;0;1;0;0;1;0;0;1;0;0;0;0;0;0;1;0;0;0;0;0;0;0;0;0;0;13;18;31;6.1
A;0;0;0;1;1;0;0;0;0;0;0;0;0;0;0;0;0;0;1;0;0;0;1;1;0;1;1;0;0;1;0;0;1;0;0;1;0;0;0;0;0;0;1;0;0;0;0;0;0;0;0;0;0;11;20;31;6.1
A;1;1;0;1;1;0;1;0;0;0;1;1;0;1;0;0;0;1;1;0;0;0;1;1;0;1;1;0;1;1;0;0;1;0;0;1;0;1;0;0;0;0;1;0;1;0;0;0;0;0;0;0;0;21;10;31;6.1
A;1;1;0;1;1;0;1;0;0;0;1;0;0;1;0;0;0;1;0;0;0;0;1;0;0;1;1;0;0;1;0;0;1;0;0;0;0;1;0;0;0;0;1;0;1;0;0;0;0;0;0;0;0;16;23;39;6.1
A;1;1;0;1;1;0;1;0;0;0;1;0;0;0;0;0;0;1;1;0;0;0;1;1;0;1;1;0;1;1;0;0;0;0;0;0;0;1;0;0;0;0;1;0;1;0;0;0;0;0;0;0;0;17;14;31;6.1
A;1;1;0;0;1;0;1;0;0;0;1;0;0;0;0;0;0;1;1;0;0;0;0;1;0;1;1;0;0;1;0;0;1;0;0;1;0;0;0;0;0;0;1;0;1;0;0;0;0;0;0;0;0;15;16;31;6.1
A;1;1;0;1;1;0;0;0;0;0;1;0;0;0;0;0;0;1;1;0;0;0;1;0;0;1;1;0;0;1;0;0;1;0;0;1;0;0;0;0;0;0;1;0;0;0;0;0;0;0;0;0;0;14;17;31;6.1
A;1;1;0;1;1;0;1;0;0;0;1;0;0;0;0;0;0;1;0;0;0;0;1;1;0;1;1;0;1;1;0;0;0;0;0;0;0;1;0;0;0;0;0;0;1;0;0;0;0;0;0;0;0;15;32;47;6.1
A;1;1;0;1;1;0;1;0;0;0;1;0;0;0;0;0;0;1;0;0;0;0;1;1;0;1;1;0;1;1;0;0;0;0;0;0;0;1;0;0;0;0;1;0;1;0;0;0;0;0;0;0;0;16;15;31;6.1
A;0;1;0;1;1;0;1;0;0;0;1;0;1;0;0;0;0;1;1;0;0;0;1;1;0;1;1;0;1;1;0;0;1;0;0;0;0;0;0;0;0;0;1;0;1;0;0;0;0;0;0;0;0;17;14;31;6.1
A;1;0;0;1;1;0;0;0;0;0;1;0;0;1;0;0;0;1;1;0;0;0;1;1;0;1;1;0;0;1;0;0;1;0;0;0;0;0;0;0;0;0;0;0;0;0;0;0;0;0;0;0;0;13;18;31;6.1
A;1;0;0;1;1;0;0;1;0;0;1;0;0;1;0;0;0;1;1;0;0;0;1;1;0;1;1;0;0;1;0;0;1;0;0;1;0;0;0;0;0;0;1;0;0;0;0;0;0;0;0;0;0;16;15;31;6.1
A;1;1;1;1;1;0;1;0;0;1;1;0;0;0;0;0;0;1;0;0;0;0;1;1;0;1;1;0;1;1;0;0;0;0;0;0;0;1;0;0;0;0;1;0;1;0;0;0;0;0;0;0;0;18;13;31;6.1
A;1;1;0;1;1;0;0;0;0;0;1;0;0;0;0;0;0;1;1;0;0;0;1;0;0;1;1;0;1;1;0;0;1;0;0;1;0;0;0;0;0;0;1;0;1;0;0;0;0;0;0;0;0;23;16;39;6.1
A;1;1;0;1;1;0;0;0;0;0;1;0;0;0;0;0;0;1;1;0;0;0;0;1;0;1;1;0;0;1;0;0;0;0;0;1;0;0;0;0;0;0;1;0;1;0;0;0;0;0;0;0;0;14;17;31;6.1
A;1;1;0;1;1;0;1;1;0;0;1;0;0;1;0;0;0;1;1;0;0;0;1;1;0;1;1;0;0;1;0;0;1;0;0;0;0;0;0;0;0;0;1;0;1;0;0;0;0;0;0;0;0;18;13;31;6.1
A;1;1;0;1;1;0;1;1;0;0;1;0;0;1;0;0;0;1;1;0;0;0;1;1;0;1;1;0;1;1;0;0;1;0;0;1;0;0;0;0;0;0;1;0;1;0;0;0;0;0;0;0;0;20;27;47;6.1
A;1;0;0;1;1;0;0;0;0;0;1;0;0;0;0;0;0;1;1;0;0;0;1;1;0;1;1;0;0;1;0;0;1;0;0;0;0;1;0;0;0;0;1;0;0;0;0;0;0;0;0;0;0;20;19;39;6.1
A;1;1;0;1;1;0;1;0;0;0;1;0;0;0;0;0;0;1;1;0;0;0;1;1;0;1;1;0;1;1;0;0;1;0;0;1;0;1;1;0;0;0;1;0;1;0;0;0;0;0;0;0;0;20;27;47;6.1
A;1;1;0;1;1;0;1;1;0;1;1;0;1;1;0;0;0;1;0;0;0;1;1;1;0;1;1;0;1;1;0;0;1;0;0;1;0;1;1;0;0;0;1;0;1;0;0;0;0;0;0;0;0;30;9;39;6.1
A;1;1;0;1;1;0;1;1;0;1;1;1;1;1;0;0;0;1;1;0;0;1;1;1;0;1;1;0;1;1;0;0;1;0;0;1;0;1;1;0;0;0;1;0;1;0;0;0;0;0;0;0;0;26;18;44;6.1
A;1;1;0;1;1;0;1;0;0;0;1;0;0;1;0;0;0;1;0;0;0;0;1;1;0;1;1;0;0;1;0;0;1;0;0;0;0;1;0;0;0;0;1;0;1;0;0;0;0;0;0;0;0;17;14;31;6.1
A;0;0;0;1;1;0;0;0;0;0;0;0;0;0;0;0;0;1;0;0;0;0;1;1;0;1;1;0;0;1;0;0;0;0;0;1;0;0;0;0;0;0;1;0;0;0;0;0;0;0;0;0;0;10;21;31;6.2
A;1;0;0;1;1;0;0;0;0;0;1;0;0;1;0;0;0;1;1;0;0;0;0;1;0;1;1;0;0;0;0;0;1;0;0;1;0;0;0;0;0;0;1;0;0;0;0;0;0;0;0;0;0;13;26;39;6.2
A;1;1;0;1;1;0;1;1;0;0;1;0;1;1;0;0;0;1;1;0;0;1;1;1;0;1;1;0;1;1;0;0;1;0;0;1;0;1;0;0;0;0;1;0;1;0;0;0;0;0;0;0;0;23;24;47;6.2
A;1;1;0;1;1;0;1;1;1;1;1;1;1;1;0;0;0;1;1;0;0;1;1;1;0;1;1;0;1;1;0;1;1;0;0;0;0;1;1;0;0;0;1;0;1;0;0;0;0;0;0;0;0;27;4;31;6.2
A;1;1;0;1;1;0;1;0;0;0;1;0;0;0;0;0;0;1;1;0;0;0;1;1;0;1;1;0;1;1;0;0;1;0;0;1;0;0;1;0;0;0;1;0;1;0;0;0;0;0;0;0;0;19;12;31;6.2
A;1;0;0;1;1;0;0;1;0;0;1;0;0;1;0;0;0;1;1;0;0;0;1;1;0;1;1;0;0;1;0;0;1;0;0;1;0;0;0;0;0;0;1;0;0;0;0;0;0;0;0;0;0;22;17;39;6.2
A;1;1;0;1;1;0;1;0;1;0;1;1;1;0;0;0;0;1;0;0;0;1;1;1;0;1;1;0;1;1;0;0;1;0;0;0;0;1;1;0;0;0;1;0;1;0;0;0;0;0;0;0;0;38;9;47;6.2
A;1;1;0;0;1;0;1;0;0;0;1;0;0;1;0;0;0;1;0;0;0;0;1;1;0;1;0;0;0;0;0;0;1;0;0;0;0;0;0;0;0;0;0;0;1;0;0;0;0;0;0;0;0;13;26;39;6.2
A;1;1;0;1;1;0;0;0;0;0;1;0;0;0;0;0;0;1;1;0;0;0;1;1;0;1;1;0;0;1;0;0;0;0;0;1;0;0;0;0;0;0;1;0;1;0;0;0;0;0;0;0;0;23;16;39;6.2
A;0;0;0;0;0;0;0;0;0;0;0;0;0;0;0;0;0;0;0;0;0;0;0;0;0;0;0;0;0;0;0;0;0;0;0;0;0;0;0;0;0;0;0;0;0;0;0;0;0;0;0;0;0;0;0;0;6.2
A;0;1;0;1;0;0;1;0;0;0;1;0;0;0;0;0;0;1;0;0;0;0;1;1;0;1;1;0;1;0;0;0;0;0;0;1;0;1;0;0;0;0;0;0;1;0;0;0;0;0;0;0;0;13;18;31;6.2
A;1;0;0;1;1;0;1;0;0;0;1;0;0;0;0;0;0;1;1;0;0;0;1;1;0;1;1;0;0;1;0;0;0;0;0;1;0;0;1;0;0;0;1;0;1;0;0;0;0;0;0;0;0;16;15;31;6.2
A;0;0;0;1;1;0;1;0;0;0;1;0;0;0;0;0;0;1;1;0;0;0;1;0;0;1;1;0;0;1;0;0;1;0;0;0;0;1;0;0;0;0;1;0;0;0;0;0;0;0;0;0;0;13;18;31;6.2
A;1;0;0;1;1;0;0;1;0;0;1;0;0;1;0;0;0;1;1;0;0;0;1;1;0;1;1;0;0;1;0;0;1;0;0;1;0;0;0;0;0;0;1;0;1;0;0;0;0;0;0;0;0;17;14;31;6.2
A;1;0;0;1;1;0;0;0;0;0;1;0;0;0;0;0;0;1;1;0;0;0;1;1;0;1;1;0;0;1;0;0;0;0;0;1;0;1;0;0;0;0;1;0;1;0;0;0;0;0;0;0;0;17;22;39;6.2
A;1;1;0;1;1;0;1;0;0;1;1;0;0;0;0;0;0;1;1;0;0;0;1;1;0;1;1;0;0;1;0;0;1;0;0;1;0;0;0;0;0;0;1;0;1;0;0;0;0;0;0;0;0;18;13;31;6.2
A;1;0;0;1;1;0;1;0;0;0;1;0;0;0;0;0;0;1;1;0;0;0;1;1;0;1;1;0;0;1;0;0;0;0;0;1;0;0;0;0;0;0;1;0;0;0;0;0;0;0;0;0;0;14;25;39;6.3
A;1;0;0;0;1;0;0;0;0;0;1;0;0;0;0;0;0;1;0;0;0;0;1;0;0;1;1;0;0;1;0;0;0;0;0;0;0;0;0;0;0;0;0;0;0;0;0;0;0;0;0;0;0;8;8;16;6.3
A;1;1;0;1;1;0;0;0;0;0;1;0;1;0;0;0;0;1;0;0;0;0;1;1;0;1;1;0;1;1;0;0;0;0;0;0;0;1;1;0;0;0;0;0;1;0;0;0;0;0;0;0;0;16;15;31;6.3
A;0;0;0;0;0;0;0;0;0;0;0;0;0;0;0;0;0;0;0;0;0;0;0;0;0;0;0;0;0;0;0;0;0;0;0;0;0;0;0;0;0;0;0;0;0;0;0;0;0;0;0;0;0;0;0;0;6.3
A;1;1;0;1;1;0;1;1;1;0;1;1;1;1;0;0;0;1;1;0;0;1;1;1;0;1;1;0;1;1;0;0;1;0;0;1;0;1;1;0;0;0;1;0;1;0;0;0;0;0;0;0;0;26;5;31;6.3
A;1;1;0;1;1;0;1;1;0;1;1;0;1;1;0;0;0;1;1;0;0;0;1;1;0;1;1;0;1;1;0;0;1;0;0;1;0;1;0;0;0;0;1;0;1;0;0;0;0;0;0;0;0;39;8;47;6.3
A;1;0;0;1;1;0;0;1;0;0;1;0;0;1;0;0;0;1;1;0;0;0;1;1;0;1;1;0;1;1;0;0;1;0;0;1;0;0;0;0;0;0;1;0;0;0;0;0;0;0;0;0;0;17;30;47;6.3
A;1;1;1;1;1;0;1;0;0;1;1;0;0;1;0;0;0;1;1;0;0;0;1;0;0;1;1;0;1;1;0;0;1;1;0;1;0;0;0;0;0;0;1;0;0;0;0;0;0;0;0;0;0;20;11;31;6.3
A;1;1;0;1;1;0;1;0;0;0;1;0;0;0;0;0;0;1;0;0;0;0;1;1;0;1;1;0;1;1;0;0;0;0;0;0;0;0;0;0;0;0;1;0;1;0;0;0;0;0;0;0;0;15;16;31;6.3
A;1;1;0;1;1;0;0;0;0;0;1;0;0;0;0;0;0;1;1;0;0;0;1;1;0;1;1;0;0;1;0;0;0;0;0;1;0;0;0;0;0;0;1;0;1;0;0;0;0;0;0;0;0;15;16;31;6.3
A;1;1;0;1;1;0;0;1;0;0;1;1;0;1;0;0;0;1;1;0;0;1;0;1;0;1;1;0;1;1;0;0;1;0;0;0;0;1;0;0;0;0;1;0;0;0;0;0;0;0;0;0;0;26;13;39;6.3
A;1;0;0;1;1;0;1;0;0;0;0;0;0;0;0;0;0;1;0;0;0;0;1;1;0;1;1;0;0;1;0;0;1;0;0;1;0;1;0;0;0;0;1;0;1;0;0;0;0;0;0;0;0;15;24;39;6.3
A;1;1;1;1;1;0;1;1;1;1;1;1;1;0;0;0;0;1;1;0;0;1;1;1;0;1;1;0;1;1;0;0;1;0;0;1;0;1;1;0;0;0;1;0;1;0;0;0;0;0;0;0;0;27;4;31;6.3
A;1;1;0;1;1;0;1;0;0;1;1;0;0;1;0;0;0;1;1;0;0;0;1;1;0;1;1;0;0;1;0;0;1;0;0;0;0;1;0;0;0;0;1;0;1;0;0;0;0;0;0;0;0;27;20;47;6.3
A;1;0;0;1;1;0;1;0;0;0;1;0;0;1;0;0;0;1;1;0;0;0;1;1;0;1;1;0;1;1;0;0;1;0;0;1;0;1;0;0;0;0;1;0;1;0;0;0;0;0;0;0;0;19;12;31;6.3
A;1;0;0;1;1;0;1;0;0;0;1;0;0;0;0;0;0;1;1;0;0;0;1;1;0;1;1;0;1;1;0;0;0;0;0;0;0;0;0;0;0;0;1;0;1;0;0;0;0;0;0;0;0;15;16;31;6.3
A;1;1;0;1;1;0;1;0;1;0;1;0;1;1;0;0;0;1;0;0;0;1;1;1;0;1;1;0;1;1;0;0;0;0;0;0;0;1;1;0;0;0;1;0;1;0;0;0;0;0;0;0;0;21;10;31;6.3
A;1;1;1;1;1;0;1;0;0;1;1;0;1;0;0;0;0;1;0;0;0;1;1;1;0;1;1;0;1;1;0;0;1;0;0;0;0;1;0;0;0;0;1;0;1;0;0;0;0;0;0;0;0;21;18;39;6.3
A;1;1;0;1;1;0;1;1;0;0;1;0;0;1;0;0;0;1;1;0;0;0;1;0;0;1;1;0;0;1;0;0;1;0;0;1;0;1;1;0;0;0;1;0;1;0;0;0;0;0;0;0;0;27;12;39;6.3
A;1;1;0;0;1;0;1;1;1;1;1;0;1;0;0;0;0;1;1;0;0;1;1;0;0;1;1;0;1;1;0;0;1;0;0;1;0;1;1;0;0;0;1;0;1;0;0;0;0;0;0;0;0;23;24;47;6.4
A;1;0;0;1;1;0;1;0;0;0;0;0;1;0;0;0;0;1;1;0;0;0;1;0;0;1;1;0;1;1;0;0;0;0;0;1;0;0;0;0;0;0;1;0;0;0;0;0;0;0;0;0;0;14;25;39;6.4
A;1;1;0;1;1;0;1;0;0;0;1;0;0;0;0;0;0;1;1;0;0;0;1;1;0;1;1;0;0;1;0;0;1;0;0;0;0;1;0;0;0;0;1;0;1;0;0;0;0;0;0;0;0;17;14;31;6.4
A;1;1;1;1;1;0;1;1;1;1;1;1;1;1;0;0;0;1;1;0;0;1;1;1;0;1;1;0;1;1;0;0;1;0;0;1;0;1;1;0;0;0;1;0;1;0;0;0;0;0;0;0;0;28;3;31;6.4
A;1;1;0;1;1;0;0;0;0;0;1;0;0;0;0;0;0;1;1;0;0;0;1;1;0;1;1;0;0;1;0;0;0;0;0;1;0;1;0;0;0;0;1;0;1;0;0;0;0;0;0;0;0;16;15;31;6.4
A;1;1;0;1;1;0;1;0;0;0;1;0;0;0;0;0;0;1;1;0;0;0;1;1;0;1;1;0;0;1;0;0;1;0;0;1;0;1;0;0;0;0;1;0;1;0;0;0;0;0;0;0;0;18;13;31;6.4
A;1;1;0;1;1;0;1;0;0;0;1;0;0;0;0;0;0;1;1;0;0;0;1;1;0;1;1;0;0;1;0;0;1;0;0;1;0;0;0;0;0;0;1;0;1;0;0;0;0;0;0;0;0;24;15;39;6.4
A;1;1;0;1;1;0;1;0;0;0;1;0;0;0;0;0;0;1;1;0;0;0;1;1;0;1;1;0;1;1;0;0;1;0;0;1;0;1;1;0;0;0;1;0;1;0;0;0;0;0;0;0;0;27;12;39;6.4
A;0;1;0;1;1;0;1;0;0;0;1;1;1;1;0;0;0;1;1;0;0;0;1;0;0;1;1;0;1;1;0;0;1;0;0;1;0;0;0;0;0;0;1;0;1;0;0;0;0;0;0;0;0;19;12;31;6.4
A;1;1;0;1;1;0;1;0;0;0;0;0;0;0;0;0;0;1;1;0;0;0;0;1;0;1;1;0;0;1;0;0;1;0;0;1;0;0;0;0;0;0;0;0;1;0;0;0;0;0;0;0;0;14;17;31;6.4
A;1;1;0;1;1;0;1;0;0;0;1;0;0;0;0;0;0;1;1;0;0;0;1;1;0;1;1;0;0;1;0;0;1;0;0;1;0;0;0;0;0;0;1;0;1;0;0;0;0;0;0;0;0;17;14;31;6.4
A;1;1;0;1;1;0;1;1;0;0;1;0;0;1;0;0;0;1;1;0;0;0;1;1;0;1;1;0;0;1;0;0;1;0;0;1;0;0;0;0;0;0;1;0;1;0;0;0;0;0;0;0;0;27;12;39;6.4
A;1;1;0;1;1;0;1;0;0;0;0;0;1;0;0;0;0;1;0;0;0;0;1;1;0;1;1;0;0;1;0;0;0;0;0;0;0;1;0;0;0;0;1;0;1;0;0;0;0;0;0;0;0;15;16;31;6.4
A;1;1;0;1;1;0;1;0;0;0;1;0;0;1;0;0;0;1;0;0;0;0;1;1;0;1;1;0;1;1;0;0;1;0;0;1;0;1;0;0;0;0;0;0;1;0;0;0;0;0;0;0;0;18;13;31;6.4
A;1;0;0;0;1;0;0;0;0;1;1;0;0;0;0;0;0;1;1;0;0;0;1;1;0;1;1;0;0;1;0;0;1;0;0;0;0;1;0;0;0;0;0;0;0;0;0;0;0;0;0;0;0;14;25;39;6.4
A;1;1;0;1;1;0;1;0;0;0;1;0;0;0;0;0;0;1;0;0;0;0;1;1;0;1;1;0;1;1;0;0;1;0;0;1;0;0;0;0;0;0;1;0;1;0;0;0;0;0;0;0;0;17;14;31;6.4
A;1;0;0;1;1;0;0;0;0;0;1;0;0;0;0;0;0;1;1;0;0;0;1;1;0;1;1;0;0;1;0;0;0;0;0;0;0;0;0;0;0;0;1;0;0;0;0;0;0;0;0;0;0;12;19;31;6.4
A;1;1;1;1;1;0;1;0;0;1;1;1;1;0;0;0;0;1;1;0;0;0;1;1;0;1;1;0;1;1;0;0;0;0;0;1;0;1;1;0;0;0;1;0;1;0;0;0;1;0;0;0;0;24;7;31;6.4
A;1;0;0;1;1;0;0;0;0;0;1;0;0;0;0;0;0;1;0;0;0;0;1;1;0;1;1;0;0;1;0;0;0;0;0;0;0;0;0;0;0;0;0;0;0;0;0;0;0;0;0;0;0;10;6;16;6.5
A;1;0;0;1;1;0;0;0;0;0;1;0;0;0;0;0;0;1;1;0;0;0;1;1;0;1;1;0;0;1;0;0;0;0;0;1;0;1;0;0;0;0;1;0;0;0;0;0;0;0;0;0;0;14;17;31;6.5
A;1;1;0;1;1;0;1;0;0;0;1;0;0;0;0;0;0;1;1;0;0;0;1;1;0;1;1;0;0;1;0;0;1;0;0;0;0;0;0;0;0;0;1;0;1;0;0;0;0;0;0;0;0;16;15;31;6.5
A;1;0;0;1;1;0;1;0;0;0;1;0;0;1;0;0;0;1;1;0;0;0;1;1;0;1;1;0;0;1;0;0;1;0;0;1;0;0;0;0;0;0;1;0;1;0;0;0;0;0;0;0;0;19;20;39;6.5
A;1;1;0;1;1;0;1;1;0;1;1;1;1;1;0;0;0;1;1;0;0;1;1;1;0;1;1;0;1;1;0;0;1;0;0;1;0;1;1;0;0;0;1;0;1;0;0;0;0;0;0;0;0;26;5;31;6.5
A;1;0;0;1;1;0;0;0;0;0;1;0;0;1;0;0;0;1;0;0;0;0;1;1;0;1;1;0;0;1;0;0;1;0;0;0;0;0;0;0;0;0;1;0;0;0;0;0;0;0;0;0;0;13;18;31;6.5
A;1;1;0;1;1;0;1;0;0;0;1;0;0;0;0;0;0;1;0;0;0;0;1;1;0;1;1;0;0;1;0;0;1;0;0;0;0;0;0;0;0;0;1;0;1;0;0;0;0;0;0;0;0;23;16;39;6.5
A;1;1;0;1;1;0;1;1;0;0;1;0;0;0;0;0;0;1;1;0;0;0;1;1;0;1;1;0;0;1;0;0;1;0;0;1;0;0;0;0;0;0;1;0;1;0;0;0;0;0;0;0;0;18;13;31;6.5
A;1;0;0;1;1;0;1;0;0;0;0;0;0;0;0;0;0;1;1;0;0;0;1;1;0;1;1;0;0;1;0;0;1;0;0;0;0;0;0;0;0;0;1;0;1;0;0;0;0;0;0;0;0;14;17;31;6.5
A;1;1;0;1;1;0;1;1;0;0;1;0;0;1;0;0;0;1;1;0;0;0;1;1;0;1;1;0;0;1;0;0;1;0;0;1;0;0;0;0;0;0;1;0;1;0;0;0;0;0;0;0;0;19;12;31;6.5
A;1;1;0;1;1;0;1;0;0;0;1;0;0;0;0;0;0;1;0;0;0;0;1;1;0;1;1;0;1;1;0;0;0;0;0;1;0;0;1;0;0;0;1;0;1;0;0;0;0;0;0;0;0;17;15;32;6.5
A;1;1;0;1;1;0;0;0;1;0;1;0;1;0;0;0;0;1;1;0;0;0;1;1;0;1;1;0;1;1;0;0;1;1;0;0;0;1;1;0;0;0;1;0;1;0;0;0;0;0;0;0;0;21;18;39;6.5
A;1;0;0;1;1;0;1;0;0;0;1;0;0;0;0;0;0;1;1;0;0;0;1;1;0;1;1;0;1;1;0;0;0;0;0;0;0;0;0;0;0;0;1;0;0;0;0;0;0;0;0;0;0;17;22;39;6.6
A;1;1;0;1;1;0;1;0;0;0;1;0;0;0;0;0;0;1;0;0;0;0;1;1;0;1;1;0;0;1;0;0;0;0;0;0;0;1;0;0;0;0;1;0;1;0;0;0;0;0;0;0;0;15;16;31;6.6
A;1;1;0;1;1;0;1;1;0;0;1;0;0;1;0;0;0;1;1;0;0;0;1;1;0;1;1;0;0;1;0;0;1;0;0;1;0;1;0;0;0;0;1;0;1;0;0;0;0;0;0;0;0;20;11;31;6.6
A;1;1;0;1;1;0;1;0;1;0;1;0;1;1;0;0;0;1;1;0;0;1;1;1;0;1;1;0;1;1;0;0;1;0;0;1;0;1;1;0;0;0;1;0;1;0;0;0;0;0;0;0;0;24;7;31;6.6
A;1;1;1;1;1;0;1;1;1;1;1;1;1;1;0;0;0;1;1;0;0;1;1;1;0;1;1;0;1;1;0;1;1;1;0;1;0;1;1;0;0;0;1;0;1;0;0;0;0;0;0;0;0;30;1;31;6.6
A;1;1;0;1;1;0;1;0;0;0;1;0;1;0;0;0;0;1;0;0;0;0;1;1;0;1;1;0;1;1;0;0;0;0;0;0;0;1;0;0;0;0;1;0;1;0;0;0;0;0;0;0;0;17;22;39;6.6
A;1;1;0;1;1;0;1;0;0;0;1;0;1;0;0;0;0;1;1;0;0;0;1;1;0;1;1;0;0;1;0;0;1;0;0;0;0;0;1;0;0;0;1;0;1;0;0;0;0;0;0;0;0;18;13;31;6.6
A;1;1;0;1;1;0;1;0;0;0;1;0;0;1;0;0;0;1;1;0;0;0;1;1;0;1;1;0;0;1;0;0;1;0;0;1;0;0;0;0;0;0;0;0;0;0;0;0;0;0;0;0;0;16;15;31;6.6
A;0;0;0;0;1;0;0;1;0;0;1;1;0;1;0;0;0;1;1;0;0;0;1;0;0;1;0;0;0;1;0;0;1;0;0;1;0;0;0;0;0;0;0;0;1;0;0;0;0;0;0;0;0;13;18;31;6.6
A;1;0;0;1;1;0;1;0;0;0;1;0;1;0;0;0;0;1;1;0;0;0;1;1;0;1;1;0;1;1;0;0;0;0;0;0;0;0;1;0;0;0;1;0;1;0;0;0;0;0;0;0;0;17;14;31;6.6
A;1;1;0;0;1;0;1;0;0;0;1;0;0;1;0;0;0;1;1;0;0;0;1;1;0;1;1;0;0;1;0;0;1;0;0;1;0;0;0;0;0;0;0;0;1;0;0;0;0;0;0;0;0;16;15;31;6.6
A;1;1;0;1;1;0;1;1;0;0;1;0;0;1;0;0;0;1;1;0;0;0;1;1;0;1;1;0;0;1;0;0;1;0;0;1;0;0;0;0;0;0;1;0;0;0;0;0;0;0;0;0;0;32;15;47;6.6
A;1;1;0;1;1;0;1;0;0;0;1;0;0;0;0;0;0;1;1;0;0;0;1;1;0;1;1;0;0;1;0;0;0;0;0;1;0;0;0;0;0;0;1;0;1;0;0;0;0;0;0;0;0;16;15;31;6.6
A;1;1;0;1;1;0;1;0;0;0;1;0;0;0;0;0;0;1;1;0;0;0;0;1;0;1;1;0;0;1;0;0;1;0;0;0;0;0;0;0;0;0;0;0;0;0;0;0;0;0;0;0;0;13;18;31;6.6
A;1;1;0;1;1;0;0;1;0;0;1;0;0;0;0;0;0;1;1;0;0;0;1;1;0;1;1;0;0;1;0;0;1;0;0;1;0;0;1;0;0;0;1;0;1;0;0;0;0;0;0;0;0;18;13;31;6.6
A;1;1;0;1;1;0;1;1;0;0;1;1;1;1;0;0;0;1;1;0;0;0;1;1;0;1;1;0;1;1;0;0;1;0;0;1;0;1;0;0;0;0;1;0;1;0;0;0;0;0;0;0;0;23;16;39;6.7
A;1;0;0;1;1;0;0;1;0;0;1;0;0;0;0;0;0;1;0;0;0;0;0;1;0;1;1;0;0;1;0;0;1;0;0;0;0;0;0;0;0;0;1;0;0;0;0;0;0;0;0;0;0;12;12;24;6.7
A;1;1;0;1;1;0;1;1;0;0;1;0;0;1;0;0;0;1;1;0;0;0;1;1;0;1;1;0;1;1;0;0;1;0;0;1;0;1;0;0;0;0;1;0;1;0;0;0;0;0;0;0;0;21;10;31;6.7
A;1;0;0;1;1;0;0;0;0;0;1;0;0;0;0;0;0;1;1;0;0;0;1;1;0;1;1;0;0;1;0;0;1;0;0;1;0;0;0;0;0;0;1;0;0;0;0;0;0;0;0;0;0;14;17;31;6.7
A;1;1;0;1;1;0;1;0;0;0;1;0;0;0;0;0;0;1;0;0;0;0;1;1;0;1;1;0;1;1;0;0;0;0;0;0;0;1;0;0;0;0;1;0;1;0;0;0;0;0;0;0;0;16;23;39;6.7
A;1;1;0;1;1;0;1;0;0;0;1;1;1;1;0;0;0;1;1;0;0;1;1;1;0;1;1;0;1;1;0;0;1;0;0;0;0;1;1;0;0;0;1;0;1;0;0;0;0;0;0;0;0;23;8;31;6.7
A;1;0;1;0;1;0;0;0;0;1;1;0;0;1;0;0;0;1;1;0;0;0;1;0;0;1;1;0;0;1;0;0;1;1;0;1;0;0;0;0;0;0;0;0;0;0;0;0;0;0;0;0;0;15;16;31;6.7
A;0;0;0;0;1;0;1;0;0;0;1;1;1;0;0;0;0;1;0;0;0;0;1;0;0;1;0;0;1;0;0;0;0;0;0;1;0;1;0;0;0;0;0;0;0;0;0;0;0;0;0;0;0;11;20;31;6.7
A;1;1;0;1;1;0;1;1;0;0;1;0;1;0;0;0;0;1;0;0;0;1;1;1;0;1;1;0;1;1;0;0;0;0;0;0;0;1;0;0;0;0;1;0;1;0;0;0;0;0;0;0;0;26;13;39;6.7
A;1;1;0;1;1;0;0;0;0;0;1;0;0;1;0;0;0;1;1;0;0;0;1;1;0;1;1;0;0;1;0;0;1;0;0;0;0;0;0;0;0;0;1;0;1;0;0;0;0;0;0;0;0;16;15;31;6.7
A;1;1;0;1;1;0;1;0;0;0;1;1;1;0;0;0;0;1;0;0;0;1;1;1;0;1;1;0;1;1;0;0;0;0;0;0;0;1;0;0;0;0;0;0;1;0;0;0;0;0;0;0;0;18;13;31;6.7
A;1;1;1;1;1;0;1;1;0;1;1;0;1;1;0;0;0;1;1;0;0;1;1;1;0;1;1;0;1;1;0;0;1;0;0;1;0;1;0;0;0;0;1;0;1;0;0;0;0;0;0;0;0;25;6;31;6.7
A;1;1;0;1;1;0;1;1;0;0;1;0;0;0;0;0;0;1;1;0;0;0;1;1;0;1;1;0;1;1;0;0;1;0;0;1;0;1;0;0;0;0;1;0;1;0;0;0;0;0;0;0;0;20;19;39;6.7
A;1;1;0;1;1;0;1;0;0;0;1;0;0;0;0;0;0;1;0;0;0;0;1;1;0;1;1;0;1;1;0;0;0;0;0;0;0;1;0;0;0;0;1;0;1;0;0;0;0;0;0;0;0;16;15;31;6.7
A;1;1;0;1;1;0;1;1;0;0;1;0;0;0;0;0;0;1;0;0;0;0;1;1;0;1;1;0;0;1;0;0;1;0;0;0;0;0;1;0;0;0;1;0;1;0;0;0;0;0;0;0;0;17;14;31;6.7
A;1;1;0;1;1;0;1;0;0;0;1;1;1;0;0;0;0;1;1;0;0;0;1;1;0;1;1;0;1;1;0;0;0;0;0;0;0;1;0;0;0;0;1;0;1;0;0;0;0;0;0;0;0;19;12;31;6.7
A;1;0;0;1;1;0;1;0;0;0;1;0;0;0;0;0;0;1;1;0;0;0;1;1;0;1;1;0;0;1;0;0;0;0;0;1;0;0;0;0;0;0;1;0;1;0;0;0;0;0;0;0;0;15;16;31;6.7
A;1;1;1;1;1;0;1;1;1;1;1;1;1;1;0;0;0;1;1;0;0;1;1;1;0;1;1;0;1;1;0;0;1;0;0;1;0;1;1;0;0;0;1;0;1;0;0;0;0;0;0;0;0;34;5;39;6.7
A;1;0;0;1;1;0;1;0;0;0;1;0;0;1;0;0;0;1;1;0;0;0;1;1;0;1;1;0;0;0;0;0;1;0;0;1;0;0;0;0;0;0;1;0;1;0;0;0;0;0;0;0;0;16;15;31;6.8
A;1;1;0;1;1;0;0;0;0;0;1;0;0;0;0;0;0;1;1;0;0;0;1;1;0;1;1;0;1;1;0;0;0;0;0;0;0;1;1;0;0;0;1;0;1;0;0;0;0;0;0;0;0;17;14;31;6.8
A;1;1;0;1;1;0;1;1;1;1;1;1;1;1;0;0;0;1;1;0;0;1;1;1;0;1;1;0;1;1;0;0;1;0;0;1;0;1;1;0;0;0;1;0;1;0;0;0;0;0;0;0;0;27;4;31;6.8
A;1;1;1;1;1;0;1;1;1;1;1;1;1;0;0;0;0;1;1;0;0;0;1;1;0;1;1;0;1;1;0;1;0;1;0;1;0;1;1;0;0;0;1;0;1;0;0;0;0;0;0;0;0;41;6;47;6.8
A;1;1;0;1;1;0;1;0;0;0;1;0;0;0;0;0;0;1;1;0;0;0;1;1;0;1;1;0;0;1;0;0;0;0;0;1;0;0;0;0;0;0;1;0;1;0;0;0;0;0;0;0;0;16;15;31;6.8
A;1;1;0;1;1;0;0;0;0;0;1;0;0;0;0;0;0;1;1;0;0;0;0;1;0;1;1;0;1;1;0;0;0;0;0;0;0;0;0;0;0;0;1;0;1;0;0;0;0;0;0;0;0;14;17;31;6.8
A;1;1;0;1;1;0;1;1;0;0;1;0;0;1;0;0;0;1;1;0;0;0;1;1;0;1;1;0;0;1;0;0;1;0;0;1;0;0;1;0;0;0;1;0;1;0;0;0;0;0;0;0;0;20;11;31;6.8
A;1;1;0;1;1;0;1;1;0;0;1;0;0;1;0;0;0;1;1;0;0;0;1;1;0;1;1;0;0;1;0;0;1;0;0;1;0;1;1;0;0;0;1;0;1;0;0;0;0;0;0;0;0;21;18;39;6.8
A;1;1;0;1;1;0;1;0;0;0;1;0;0;0;0;0;0;1;1;0;0;0;1;0;0;1;1;0;1;1;0;0;1;0;0;0;0;1;0;0;0;0;1;0;1;0;0;0;0;0;0;0;0;17;14;31;6.8
A;1;1;0;1;1;0;1;1;0;1;1;0;1;0;0;0;0;1;1;0;0;0;1;1;0;1;1;0;1;1;0;0;1;0;0;1;0;1;1;0;0;0;1;0;1;0;0;0;0;0;0;0;0;23;8;31;6.8
A;1;1;0;1;1;0;1;1;0;0;1;0;0;0;0;0;0;1;0;0;0;0;1;1;0;1;1;0;1;1;0;0;0;0;0;1;0;0;0;0;0;0;1;0;1;0;0;0;0;0;0;0;0;29;18;47;6.8
A;1;1;0;1;1;0;1;1;0;1;1;0;1;0;0;0;0;1;1;0;0;0;1;1;0;1;1;0;1;1;0;0;1;0;0;0;0;1;1;0;0;0;1;0;1;0;0;0;0;0;0;0;0;22;9;31;6.8
A;1;1;0;1;1;0;1;0;0;0;1;0;0;0;0;0;0;1;0;0;0;0;1;1;0;1;1;0;1;1;0;0;0;0;0;1;0;1;0;0;0;0;1;0;1;0;0;0;0;0;0;0;0;17;14;31;6.8
A;1;1;0;1;1;0;1;0;0;0;1;0;0;0;0;0;0;1;1;0;0;0;1;1;0;1;1;0;0;1;0;0;1;0;0;1;0;0;0;0;0;0;1;0;1;0;0;0;0;0;0;0;0;17;22;39;6.8
A;0;1;0;0;1;0;1;0;0;0;1;0;1;0;0;0;0;1;0;0;0;0;1;1;0;1;1;0;0;1;0;0;1;0;0;1;0;1;0;0;0;0;1;0;1;0;0;0;0;0;0;0;0;24;15;39;6.8
A;1;1;0;1;1;0;1;0;0;0;1;0;0;0;0;0;0;1;0;0;0;0;1;0;0;1;1;0;1;1;0;0;0;0;0;0;0;1;0;0;0;0;1;0;1;0;0;0;0;0;0;0;0;15;16;31;6.8
A;1;1;0;1;1;0;1;0;0;0;1;0;0;0;0;0;0;1;1;0;0;0;1;1;0;1;1;0;1;1;0;0;1;0;0;0;0;0;0;0;0;0;1;0;1;0;0;0;0;0;0;0;0;17;14;31;6.8
A;1;0;0;1;1;0;1;0;1;0;1;1;1;0;0;0;0;1;0;0;0;0;1;1;0;1;1;0;1;1;0;0;0;0;0;0;0;1;1;0;0;0;1;0;1;0;0;0;0;0;0;0;0;19;20;39;6.8
A;1;1;1;1;1;0;1;1;1;1;1;1;1;1;0;0;0;1;1;0;0;1;1;1;0;1;1;0;1;1;0;1;1;1;0;1;0;1;1;0;0;0;1;0;1;0;0;0;1;0;0;0;0;47;0;47;6.9
A;1;1;0;0;1;0;1;0;1;0;1;0;1;0;0;0;0;1;0;0;0;0;1;0;0;1;1;0;1;1;0;0;0;0;0;0;0;1;0;0;0;0;0;0;1;0;0;0;0;0;0;0;0;15;24;39;6.9
A;1;1;0;1;1;0;1;1;1;1;1;0;1;0;0;0;0;1;1;0;0;0;1;1;0;1;1;0;1;1;0;0;0;0;0;1;0;1;1;0;0;0;1;0;1;0;0;0;0;0;0;0;0;23;24;47;6.9
A;1;1;0;1;1;0;1;0;0;0;1;0;0;1;0;0;0;1;0;0;0;0;1;1;0;1;1;0;0;1;0;0;1;0;0;0;0;0;0;0;0;0;1;0;1;0;0;0;0;0;0;0;0;16;15;31;6.9
A;1;1;0;1;1;0;1;0;0;0;1;0;1;0;0;0;0;1;0;0;0;0;1;1;0;1;1;0;1;1;0;0;0;0;0;0;0;1;0;0;0;0;1;0;1;0;0;0;0;0;0;0;0;24;15;39;6.9
A;1;0;0;1;1;0;1;1;0;0;1;0;0;0;0;0;0;1;0;0;0;0;1;1;0;1;1;0;0;1;0;0;1;0;0;0;0;0;0;0;0;0;1;0;1;0;0;0;0;0;0;0;0;15;32;47;7
A;1;1;0;1;1;0;1;1;0;0;1;0;0;0;0;0;0;1;0;0;0;0;1;1;0;1;1;0;1;1;0;0;1;0;0;1;0;0;1;0;0;0;1;0;1;0;0;0;0;0;0;0;0;32;15;47;7
A;1;1;0;1;1;0;1;0;0;0;1;0;0;1;0;0;0;1;1;0;0;0;1;1;0;1;1;0;0;1;0;0;1;0;0;0;0;0;0;0;0;0;1;0;1;0;0;0;0;0;0;0;0;17;22;39;7
A;1;0;0;1;1;0;0;0;0;0;1;0;0;1;0;0;0;1;1;0;0;0;1;1;0;1;1;0;0;1;0;0;1;0;0;0;0;0;0;0;0;0;1;0;0;0;0;0;0;0;0;0;0;16;23;39;7
A;1;1;0;1;1;0;1;0;0;0;1;0;1;0;0;0;0;1;0;0;0;0;1;1;0;1;1;0;1;1;0;0;0;0;0;0;0;1;0;0;0;0;1;0;1;0;0;0;0;0;0;0;0;17;14;31;7
A;1;1;0;1;1;0;1;0;0;0;1;0;1;0;0;0;0;1;0;0;0;1;1;1;0;1;1;0;1;1;0;0;0;0;0;0;0;1;0;0;0;0;1;0;1;0;0;0;0;0;0;0;0;18;13;31;7