year,month,day,consumption
2018,1,1,25.8277784375
2018,1,2,34.69889576041667
2018,1,3,30.964727999999997
2018,1,4,33.25867725
2018,1,5,40.694450010416666
2018,1,6,40.212853083333336
2018,1,7,38.08656284375
2018,1,8,46.302227125
2018,1,9,45.506415583333336
2018,1,10,39.772276489583334
2018,1,11,39.07787263541667
2018,1,12,38.21135073958333
2018,1,13,31.406574947916667
2018,1,14,27.727554322916664
2018,1,15,35.6424539375
2018,1,16,31.354022
2018,1,17,37.82446932291666
2018,1,18,38.156355187500004
2018,1,19,35.89067773958333
2018,1,20,29.85741115625
2018,1,21,26.512966583333334
2018,1,22,34.41613170833333
2018,1,23,35.23799553125
2018,1,24,34.285709583333336
2018,1,25,34.417972666666664
2018,1,26,33.27913892708333
2018,1,27,30.18950403125
2018,1,28,27.880625010416665
2018,1,29,35.92429535416667
2018,1,30,33.82139665625
2018,1,31,34.47635702083333
2018,2,1,34.58662592708333
2018,2,2,31.03993328125
2018,2,3,22.720378739583335
2018,2,4,19.286207802083332
2018,2,5,28.12117138541667
2018,2,6,27.954146697916666
2018,2,7,29.930103885416667
2018,2,8,30.680172041666665
2018,2,9,30.008210666666667
2018,2,10,25.75341358333333
2018,2,11,25.256295697916666
2018,2,12,33.18013653125
2018,2,13,32.956844322916666
2018,2,14,30.347480385416663
2018,2,15,30.515707885416663
2018,2,16,32.22387409375
2018,2,17,24.555258166666665
2018,2,18,22.53917448958333
2018,2,19,30.5285866875
2018,2,20,32.246686875
2018,2,21,34.37171377083333
2018,2,22,33.25115534375
2018,2,23,30.72021859375
2018,2,24,28.602101927083336
2018,2,25,26.281637500000002
2018,2,26,34.148794708333334
2018,2,27,30.699413760416665
2018,2,28,32.627505875000004
2018,3,1,35.632132239583335
2018,3,2,37.89207733333333
2018,3,3,31.53015579166667
2018,3,4,23.899883989583333
2018,3,5,36.522085114583334
2018,3,6,38.354546375000005
2018,3,7,35.79667022916667
2018,3,8,34.25965589583333
2018,3,9,35.498077072916665
2018,3,10,29.2944585
2018,3,11,28.629968802083336
2018,3,12,38.740219270833336
2018,3,13,40.58800816666667
2018,3,14,37.960243375
2018,3,15,42.18620094791667
2018,3,16,41.285922479166665
2018,3,17,34.816702677083335
2018,3,18,33.403201625
2018,3,19,41.91247247916667
2018,3,20,43.67872363541667
2018,3,21,43.75758672916667
2018,3,22,41.325856458333334
2018,3,23,41.02060107291667
2018,3,24,37.65149080208334
2018,3,25,35.32088265625
2018,3,26,42.562891281249996
2018,3,27,45.54259532291667
2018,3,28,43.34723869791667
2018,3,29,39.46141288541667
2018,3,30,30.686886614583333
2018,3,31,32.16500811458334
2018,4,1,31.910595416666666
2018,4,2,29.922295114583335
2018,4,3,25.57347245833333
2018,4,4,42.088354520833335
2018,4,5,42.152229114583335
2018,4,6,42.00540026041667
2018,4,7,36.37615677083333
2018,4,8,35.26480497916667
2018,4,9,42.18543973958334
2018,4,10,42.06685865625
2018,4,11,41.57047569791667
2018,4,12,42.65280489130435
2018,4,13,47.5722705
2018,4,14,37.8783366875
2018,4,15,35.59154733333333
2018,4,16,45.243339354166665
2018,4,17,46.482822666666664
2018,4,18,46.31620304166666
2018,4,19,45.25902658333334
2018,4,20,45.31274955208334
2018,4,21,38.65788938541667
2018,4,22,30.73704090625
2018,4,23,45.224642718750005
2018,4,24,44.023670093750006
2018,4,25,44.902381041666665
2018,4,26,43.79656567708333
2018,4,27,44.500970125
2018,4,28,40.83771860416667
2018,4,29,34.733526822916666
2018,4,30,41.80431933333333
2018,5,1,35.93149163541667
2018,5,2,43.80590038541666
2018,5,3,45.83434148958333
2018,5,4,47.04777494791667
2018,5,5,40.446466083333334
2018,5,6,38.90852813541667
2018,5,7,45.490376114583334
2018,5,8,46.142072625
2018,5,9,47.44246616666667
2018,5,10,45.54593172916666
2018,5,11,46.8339849375
2018,5,12,40.111238375
2018,5,13,31.586552906250002
2018,5,14,47.912506781249995
2018,5,15,50.265332406249996
2018,5,16,49.7724456875
2018,5,17,46.0789098125
2018,5,18,47.507422062500005
2018,5,19,42.460750041666664
2018,5,20,38.742404406249996
2018,5,21,37.732387697916664
2018,5,22,46.43526466666666
2018,5,23,46.913677166666666
2018,5,24,46.675218093750004
2018,5,25,45.78160790625
2018,5,26,39.05078310416667
2018,5,27,39.124765895833335
2018,5,28,49.52566501041667
2018,5,29,52.10443183333334
2018,5,30,52.5115438125
2018,5,31,52.86720425000001
2018,6,1,55.5919749375
2018,6,2,47.06086082291667
2018,6,3,44.14055040625001
2018,6,4,57.152074364583335
2018,6,5,58.152569906249994
2018,6,6,52.51298294791667
2018,6,7,50.39651579166667
2018,6,8,47.12282110416667
2018,6,9,44.12408501041667
2018,6,10,45.12182388541667
2018,6,11,55.57486485416666
2018,6,12,58.88882903125
2018,6,13,58.083851635416664
2018,6,14,55.71588805208333
2018,6,15,52.59491826041667
2018,6,16,43.564439031250004
2018,6,17,37.39462861458333
2018,6,18,44.57872576041667
2018,6,19,47.391645635416666
2018,6,20,48.62328473958333
2018,6,21,50.71695640625
2018,6,22,50.47276925
2018,6,23,46.636350375
2018,6,24,42.90977841666666
2018,6,25,51.66169098958333
2018,6,26,51.87920605208333
2018,6,27,52.15160835416666
2018,6,28,56.73533495833333
2018,6,29,57.05242063541667
2018,6,30,55.09067671875
2018,7,1,51.582718177083336
2018,7,2,52.944787041666665
2018,7,3,58.91815465625
2018,7,4,62.11600263541667
2018,7,5,62.460505104166664
2018,7,6,58.59562158333333
2018,7,7,52.02461284375
2018,7,8,48.414909593750004
2018,7,9,54.935993562499995
2018,7,10,60.67390957291667
2018,7,11,57.827491343750005
2018,7,12,56.52689389583333
2018,7,13,52.572075052083335
2018,7,14,45.02191441666667
2018,7,15,42.853142749999996
2018,7,16,47.95682795833333
2018,7,17,57.023160875
2018,7,18,56.97007761458334
2018,7,19,57.30451034375
2018,7,20,57.516713333333335
2018,7,21,52.416269427083336
2018,7,22,49.048607770833335
2018,7,23,58.39613485416667
2018,7,24,55.81052148958333
2018,7,25,52.559701875
2018,7,26,52.26381251041667
2018,7,27,56.69525176041666
2018,7,28,45.23651659375
2018,7,29,40.59630730208333
2018,7,30,55.79740470833334
2018,7,31,56.69837146875
2018,8,1,57.978896406249994
2018,8,2,62.6374124375
2018,8,3,59.609542635416666
2018,8,4,50.82797084375
2018,8,5,47.80542169791667
2018,8,6,57.186038260416666
2018,8,7,53.00474061458333
2018,8,8,52.937195260416665
2018,8,9,51.280868958333336
2018,8,10,50.35777548958333
2018,8,11,42.925933541666666
2018,8,12,38.5136517826087
2018,8,13,48.24093166666666
2018,8,14,48.586413656249995
2018,8,15,41.93331788541666
2018,8,16,46.78987190625
2018,8,17,46.62844291666667
2018,8,18,43.9920050625
2018,8,19,40.373309302083335
2018,8,20,49.344412416666664
2018,8,21,50.342467739583334
2018,8,22,53.56031608333333
2018,8,23,56.5900810625
2018,8,24,53.94156405208333
2018,8,25,44.71717732291666
2018,8,26,41.552935062500005
2018,8,27,45.181901645833335
2018,8,28,46.80746385416666
2018,8,29,45.83296327083334
2018,8,30,47.236548739583334
2018,8,31,48.482510364583334
2018,9,1,38.84450115625
2018,9,2,37.372345520833335
2018,9,3,42.87521186458333
2018,9,4,42.05409059375
2018,9,5,42.837317364583335
2018,9,6,23.728654708333334
2018,9,7,43.38090760416667
2018,9,8,37.028332104166665
2018,9,9,35.96781569791667
2018,9,10,42.839625250000005
2018,9,11,41.767800270833334
2018,9,12,41.962652166666665
2018,9,13,42.975282156249996
2018,9,14,45.95371744791667
2018,9,15,42.22547841666667
2018,9,16,34.35750571875
2018,9,17,35.74977876041667
2018,9,18,36.466796333333335
2018,9,19,37.854982125
2018,9,20,45.58458301041667
2018,9,21,46.36466301041667
2018,9,22,42.55598596875
2018,9,23,42.869725906250004
2018,9,24,48.99467590625
2018,9,25,52.81366484375
2018,9,26,53.26153939583333
2018,9,27,51.6818903125
2018,9,28,51.08389357291667
2018,9,29,43.668177104166666
2018,9,30,42.499378552083336
2018,10,1,47.88813586458334
2018,10,2,48.32548864583333
2018,10,3,47.49603347916667
2018,10,4,50.02985126041667
2018,10,5,48.753201447916666
2018,10,6,43.017543125
2018,10,7,39.3059584375
2018,10,8,47.32627979166667
2018,10,9,49.14793876041667
2018,10,10,50.04525076041667
2018,10,11,48.69974775
2018,10,12,47.63556085416667
2018,10,13,46.517984229166665
2018,10,14,45.735779093750004
2018,10,15,43.638091260416665
2018,10,16,54.446784677083336
2018,10,17,53.626527572916665
2018,10,18,51.39495351041666
2018,10,19,50.200409937500005
2018,10,20,47.45668757291667
2018,10,21,43.03634854166666
2018,10,22,50.065418020833334
2018,10,23,50.77469521875
2018,10,24,48.40154445833334
2018,10,25,48.04463218750001
2018,10,26,48.17045873958333
2018,10,27,43.89489935416666
2018,10,28,47.98147082291666
2018,10,29,48.36207520833333
2018,10,30,45.42680654166667
2018,10,31,46.92642677083333
2018,11,1,41.2079121875
2018,11,2,40.888333072916666
2018,11,3,38.30916384375
2018,11,4,39.233560250000004
2018,11,5,44.424369229166665
2018,11,6,47.39112119791667
2018,11,7,45.81479515625
2018,11,8,45.69742097916667
2018,11,9,40.555471968750005
2018,11,10,36.883720708333335
2018,11,11,29.758305500000002
2018,11,12,41.64835033333333
2018,11,13,43.123236947916666
2018,11,14,46.381481791666666
2018,11,15,42.46078284375
2018,11,16,40.22713191666667
2018,11,17,34.23143625
2018,11,18,38.24931591666667
2018,11,19,41.53547590625
2018,11,20,39.22677971875
2018,11,21,37.27076964583333
2018,11,22,36.598592197916666
2018,11,23,39.6015698125
2018,11,24,37.13400058333333
2018,11,25,29.45873627083333
2018,11,26,39.185281635416665
2018,11,27,38.914424822916665
2018,11,28,36.58168809375
2018,11,29,32.983234895833334
2018,11,30,32.734233760416664
2018,12,1,36.65912357291666
2018,12,2,26.797320406249998
2018,12,3,32.7631083125
2018,12,4,32.556131666666666
2018,12,5,30.71053528125
2018,12,6,35.821699375
2018,12,7,39.83400871875
2018,12,8,17.88830146875
2018,12,9,13.997371135416666
2018,12,10,18.610566604166667
2018,12,11,32.0900979375
2018,12,12,33.524052958333336
2018,12,13,32.173973895833335
2018,12,14,32.44246667708333
2018,12,15,27.463608250000004
2018,12,16,8.197513958333333
2018,12,17,33.62943908333333
2018,12,18,38.29191390625
2018,12,19,39.02482807291667
2018,12,20,33.88957389583333
2018,12,21,34.65757420833334
2018,12,22,28.847579791666664
2018,12,23,24.873769697916668
2018,12,24,30.966766354166666
2018,12,25,22.573270208333337
2018,12,26,33.373945166666665
2018,12,27,34.06570148958333
2018,12,28,34.891950343750004
2018,12,29,29.522261302083336
2018,12,30,24.118808437499997
2018,12,31,27.479981739583334
2019,1,1,20.425143625
2019,1,2,33.500739822916664
2019,1,3,35.45879444791667
2019,1,4,35.123743114583334
2019,1,5,26.755417572916667
2019,1,6,22.899907385416668
2019,1,7,30.505975364583335
2019,1,8,29.22046345833333
2019,1,9,30.871280520833334
2019,1,10,36.68542204166667
2019,1,11,36.40056467708333
2019,1,12,31.0413655
2019,1,13,28.56351003125
2019,1,14,35.15985075
2019,1,15,33.24712509375
2019,1,16,33.16952467708334
2019,1,17,30.681221770833332
2019,1,18,33.89274260416666
2019,1,19,23.78896652083333
2019,1,20,18.32168372916667
2019,1,21,28.00792489583333
2019,1,22,28.161381312499998
2019,1,23,29.645883708333333
2019,1,24,28.693821
2019,1,25,26.7580275
2019,1,26,24.960776468749998
2019,1,27,21.89031903125
2019,1,28,29.9979715625
2019,1,29,31.09374353125
2019,1,30,29.470772270833336
2019,1,31,29.76884782291667
2019,2,1,29.624500864583336
2019,2,2,23.330364687499998
2019,2,3,21.023060302083334
2019,2,4,29.434456281250004
2019,2,5,30.053238947916668
2019,2,6,29.579863677083335
2019,2,7,29.44971634375
2019,2,8,28.87263686458333
2019,2,9,23.656905572916667
2019,2,10,21.193656739583336
2019,2,11,29.576700739583334
2019,2,12,31.552318822916664
2019,2,13,27.128230760416667
2019,2,14,30.69194671875
2019,2,15,29.397962333333336
2019,2,16,20.526763760416667
2019,2,17,19.450857822916667
2019,2,18,26.945474614583333
2019,2,19,29.50476834375
2019,2,20,26.700614812500003
2019,2,21,25.954247864583333
2019,2,22,26.81908588541667
2019,2,23,23.611190489583333
2019,2,24,21.5222115625
2019,2,25,28.17118741666667
2019,2,26,29.778870833333333
2019,2,27,30.84441557291667
2019,2,28,29.935152375
2019,3,1,30.033326218750002
2019,3,2,25.852745697916664
2019,3,3,23.882775239583335
2019,3,4,31.325331145833335
2019,3,5,37.43199084375
2019,3,6,34.059127270833336
2019,3,7,33.66782172916667
2019,3,8,34.279850833333334
2019,3,9,30.379204083333335
2019,3,10,24.954259770833332
2019,3,11,34.401376364583335
2019,3,12,36.5669348125
2019,3,13,36.847040229166666
2019,3,14,36.334232864583335
2019,3,15,34.65423384375
2019,3,16,35.05551016666667
2019,3,17,31.39520576041667
2019,3,18,38.824599625
2019,3,19,39.58822709375
2019,3,20,42.02756158333333
2019,3,21,41.31879328125
2019,3,22,41.5964048125
2019,3,23,34.00558134375
2019,3,24,32.50623591666667
2019,3,25,38.51196757291667
2019,3,26,38.810622645833334
2019,3,27,38.344950875
2019,3,28,36.251498
2019,3,29,37.54726884375
2019,3,30,35.428674791666666
2019,3,31,31.762672979166666
2019,4,1,37.28223403125
2019,4,2,38.02928694791667
2019,4,3,37.971455239583335
2019,4,4,34.85838346875
2019,4,5,35.63831991666667
2019,4,6,31.23704090625
2019,4,7,19.809394625
2019,4,8,34.00717044791667
2019,4,9,33.54813333333333
2019,4,10,34.93036446875
2019,4,11,35.79647735416666
2019,4,12,34.39603764583333
2019,4,13,34.562614125
2019,4,14,31.679214208333335
2019,4,15,35.27928596875
2019,4,16,34.528950875
2019,4,17,34.823031729166665
2019,4,18,35.84699536458333
2019,4,19,29.021880614583335
2019,4,20,30.620609104166665
2019,4,21,31.290827270833333
2019,4,22,37.364312427083334
2019,4,23,39.555418833333334
2019,4,24,41.97736540625
2019,4,25,40.31102938541667
2019,4,26,38.231986052083336
2019,4,27,31.8950844375
2019,4,28,29.507584947916666
2019,4,29,35.19307170833333
2019,4,30,34.497136645833336
2019,5,1,28.113103062500002
2019,5,2,38.094949291666666
2019,5,3,41.126225052083335
2019,5,4,37.70186814583334
2019,5,5,33.62789879166667
2019,5,6,42.77309038541667
2019,5,7,41.64432107291667
2019,5,8,42.87425734375
2019,5,9,43.5451216875
2019,5,10,42.58207958333333
2019,5,11,37.716773645833335
2019,5,12,34.83052663541667
2019,5,13,43.18509457291666
2019,5,14,41.758161677083336
2019,5,15,41.1335490625
2019,5,16,45.333833687500004
2019,5,17,44.214549437500004
2019,5,18,36.99259690625
2019,5,19,37.59512201041667
2019,5,20,45.32555794791667
2019,5,21,41.57212397916667
2019,5,22,46.8594349375
2019,5,23,46.475285562500005
2019,5,24,46.62979357291667
2019,5,25,42.61454386458333
2019,5,26,42.75296170833334
2019,5,27,48.97894030208334
2019,5,28,51.49619462500001
2019,5,29,50.55508252083334
2019,5,30,50.477795125
2019,5,31,52.5582441875
2019,6,1,50.11123986458333
2019,6,2,44.903775125
2019,6,3,52.130071750000006
2019,6,4,51.38458834375
2019,6,5,51.35189334375
2019,6,6,50.49792566666667
2019,6,7,50.90649302083333
2019,6,8,47.67294796875
2019,6,9,43.2745265
2019,6,10,52.196972906250004
2019,6,11,51.34012794791667
2019,6,12,55.197383270833335
2019,6,13,58.356808937500006
2019,6,14,56.61266532291666
2019,6,15,48.44979702083333
2019,6,16,42.15851236458334
2019,6,17,57.94206625
2019,6,18,58.12823165625
2019,6,19,55.398079010416666
2019,6,20,50.47483429166667
2019,6,21,51.567856125
2019,6,22,45.031788489583334
2019,6,23,47.389270437499995
2019,6,24,57.946601010416664
2019,6,25,58.0080026875
2019,6,26,58.43500178125
2019,6,27,58.7626689375
2019,6,28,58.16560872916667
2019,6,29,49.258406135416664
2019,6,30,48.258166906250004
2019,7,1,55.10550526041666
2019,7,2,54.74211034375
2019,7,3,53.59591621875
2019,7,4,53.62118226041667
2019,7,5,54.5419731875
2019,7,6,44.49703063541667
2019,7,7,45.012233625
2019,7,8,55.087893208333334
2019,7,9,51.81576690625
2019,7,10,54.849895822916665
2019,7,11,55.37974665625
2019,7,12,53.30856848958334
2019,7,13,47.91631440625
2019,7,14,44.88024433333334
2019,7,15,50.22730634375
2019,7,16,45.474552708333334
2019,7,17,53.1162216875
2019,7,18,52.18169692708333
2019,7,19,52.33003204166667
2019,7,20,47.47066590625
2019,7,21,27.336307468750004
2019,7,22,55.441367375
2019,7,23,57.473058208333335
2019,7,24,57.072055229166665
2019,7,25,56.262313677083334
2019,7,26,56.24030323958333
2019,7,27,50.13250389583334
2019,7,28,46.613256125
2019,7,29,50.51922666666667
2019,7,30,48.04158745833333
2019,7,31,49.289115593750005
2019,8,1,54.15870721875
2019,8,2,56.26513134375
2019,8,3,48.618386802083336
2019,8,4,42.673818885416665
2019,8,5,50.83553708333333
2019,8,6,55.541835864583334
2019,8,7,55.31159622916667
2019,8,8,56.46850992708334
2019,8,9,56.89084258333333
2019,8,10,51.164167562500005
2019,8,11,45.550134843749994
2019,8,12,56.9075863125
2019,8,13,55.492833104166664
2019,8,14,51.257506531249994
2019,8,15,45.24254933333333
2019,8,16,51.91901338541667
2019,8,17,47.72774479166667
2019,8,18,47.0154356875
2019,8,19,55.218905281249995
2019,8,20,49.09768158333333
2019,8,21,50.268272312499995
2019,8,22,49.65066867708333
2019,8,23,45.517395625
2019,8,24,42.102633000000004
2019,8,25,39.618818062500004
2019,8,26,45.2753250625
2019,8,27,50.84974513541667
2019,8,28,48.892389458333334
2019,8,29,48.78136759375
2019,8,30,48.501346250000005
2019,8,31,43.99959146875
2019,9,1,22.06928042708333
2019,9,2,48.069355145833335
2019,9,3,49.59141661458333
2019,9,4,47.364615541666666
2019,9,5,51.263356854166666
2019,9,6,51.420666114583334
2019,9,7,43.81451157291667
2019,9,8,40.14677235869566
2019,9,9,52.477759604166664
2019,9,10,42.99733908333334
2019,9,11,48.994313500000004
2019,9,12,46.91623569791667
2019,9,13,46.77778069791666
2019,9,14,44.18188288541666
2019,9,15,40.29781135416667
2019,9,16,46.67135020833334
2019,9,17,44.605881322916666
2019,9,18,33.69858513541667
2019,9,19,32.571382479166665
2019,9,20,33.714947343750005
2019,9,21,34.15910930208333
2019,9,22,34.922156927083336
2019,9,23,42.206725666666664
2019,9,24,43.350921916666664
2019,9,25,43.40816651041666
2019,9,26,41.81171111458334
2019,9,27,41.69581204166667
2019,9,28,36.923133927083335
2019,9,29,34.343265708333334
2019,9,30,41.94273622916667
2019,10,1,48.20847307291667
2019,10,2,46.11122834375001
2019,10,3,46.71167769791666
2019,10,4,46.402888656250006
2019,10,5,40.09612469791667
2019,10,6,36.504969520833335
2019,10,7,40.872499291666664
2019,10,8,44.093860291666665
2019,10,9,44.04771328125
2019,10,10,43.50415610416667
2019,10,11,41.474498625
2019,10,12,37.18711302083333
2019,10,13,35.293181708333336
2019,10,14,43.017386125
2019,10,15,42.775141364583334
2019,10,16,44.21758038541666
2019,10,17,42.68637979166667
2019,10,18,42.75125466666666
2019,10,19,38.82244645833333
2019,10,20,34.030472583333335
2019,10,21,35.696736989583336
2019,10,22,37.237798
2019,10,23,36.09826427083333
2019,10,24,36.78249125
2019,10,25,36.558147489583334
2019,10,26,33.80778938541667
2019,10,27,34.85189604166667
2019,10,28,41.275240968750005
2019,10,29,41.21186089583333
2019,10,30,41.212263677083335
2019,10,31,34.6105985625
2019,11,1,31.88266969791667
2019,11,2,33.700819875
2019,11,3,39.05778496875
2019,11,4,39.08986426041667
2019,11,5,41.10684723958334
2019,11,6,41.745186645833336
2019,11,7,42.99780783333333
2019,11,8,40.19658301041667
2019,11,9,38.14562255208333
2019,11,10,32.53302165625
2019,11,11,35.87809263541667
2019,11,12,33.7903781875
2019,11,13,35.25660653125
2019,11,14,33.032597958333334
2019,11,15,37.66375785416667
2019,11,16,30.947049260416666
2019,11,17,26.233433802083336
2019,11,18,33.60371541666667
2019,11,19,32.28502133333333
2019,11,20,32.032316979166666
2019,11,21,31.938547302083332
2019,11,22,34.0455190625
2019,11,23,25.67751046875
2019,11,24,21.87906325
2019,11,25,34.628139041666664
2019,11,26,36.26419595833333
2019,11,27,37.691930739583334
2019,11,28,39.50926240625
2019,11,29,37.32416385416666
2019,11,30,33.308316635416666
2019,12,1,31.302552979166666
2019,12,2,34.48505153125
2019,12,3,36.79912178125
2019,12,4,37.1906543125
2019,12,5,39.8470201875
2019,12,6,35.365590760416666
2019,12,7,30.364665885416667
2019,12,8,29.319099989583336
2019,12,9,30.951056052083334
2019,12,10,32.149090614583336
2019,12,11,31.150786645833335
2019,12,12,34.184196104166666
2019,12,13,34.16185415625
2019,12,14,29.14208604166667
2019,12,15,28.000545916666667
2019,12,16,38.243301510416664
2019,12,17,40.67834259375
2019,12,18,38.885904197916666
2019,12,19,35.44612954166667
2019,12,20,40.180559395833335
2019,12,21,37.65002601041667
2019,12,22,33.65943546875
2019,12,23,40.72400709375
2019,12,24,35.58671559375
2019,12,25,26.389949510416667
2019,12,26,35.671994875
2019,12,27,33.6889515
2019,12,28,27.55687710416667
2019,12,29,24.041837479166663
2019,12,30,32.25591710416666
2019,12,31,31.396222625000004
2020,1,1,21.277136604166667
2020,1,2,29.874147572916666
2020,1,3,31.206213385416664
2020,1,4,27.28578728125
2020,1,5,21.870821760416664
2020,1,6,32.650540666666664
2020,1,7,31.28391311458333
2020,1,8,34.663434770833334
2020,1,9,40.98961122916667
2020,1,10,41.58593575
2020,1,11,33.81236654166667
2020,1,12,32.92044071875
2020,1,13,33.80689590625
2020,1,14,32.80230214583333
2020,1,15,35.99004720833333
2020,1,16,33.763413125
2020,1,17,32.9146990625
2020,1,18,25.44711
2020,1,19,23.325389291666667
2020,1,20,28.29720492708333
2020,1,21,30.7851721875
2020,1,22,30.137225666666666
2020,1,23,29.524527489583335
2020,1,24,29.315533770833337
2020,1,25,26.887428468750002
2020,1,26,24.145888395833335
2020,1,27,33.56745486458333
2020,1,28,31.740225541666664
2020,1,29,31.257929072916667
2020,1,30,38.88964811458333
2020,1,31,34.053612208333334
2020,2,1,29.39277572916667
2020,2,2,25.92678848958333
2020,2,3,28.20042878125
2020,2,4,26.74089114583333
2020,2,5,27.486806291666667
2020,2,6,28.975908625000002
2020,2,7,31.852319750000003
2020,2,8,27.450969364583333
2020,2,9,25.17020263541667
2020,2,10,30.55944934375
2020,2,11,32.06536246875
2020,2,12,31.247996927083335
2020,2,13,31.62253619791667
2020,2,14,31.099129104166668
2020,2,15,27.005142895833334
2020,2,16,24.579995281250003
2020,2,17,26.138351541666665
2020,2,18,33.56375675
2020,2,19,36.8710036875
2020,2,20,34.94359579166667
2020,2,21,32.07130330208333
2020,2,22,27.815454125000002
2020,2,23,26.29848753125
2020,2,24,33.39662627083333
2020,2,25,37.28840713541667
2020,2,26,36.61665914583333
2020,2,27,36.442505458333336
2020,2,28,37.55943082291667
2020,2,29,28.929129041666666
2020,3,1,26.953314625
2020,3,2,32.1310389375
2020,3,3,34.960376635416665
2020,3,4,34.882421677083336
2020,3,5,34.93673534375
2020,3,6,32.60641357291667
2020,3,7,26.43793496875
2020,3,8,24.104955614583332
2020,3,9,33.660189572916664
2020,3,10,37.050022937499996
2020,3,11,36.3837103125
2020,3,12,37.603911395833336
2020,3,13,35.34426772916667
2020,3,14,30.990292739583335
2020,3,15,28.56908565625
2020,3,16,33.559493583333335
2020,3,17,35.61242236458333
2020,3,18,38.32295985416667
2020,3,19,39.339817135416666
2020,3,20,37.846844833333336
2020,3,21,33.683068302083335
2020,3,22,33.424212947916665
2020,3,23,38.139669427083334
2020,3,24,38.423086125000005
2020,3,25,38.093709062500004
2020,3,26,38.35143995833334
2020,3,27,34.634005625
2020,3,28,29.979060927083335
2020,3,29,24.351961687499998
2020,3,30,33.801249937499996
2020,3,31,34.76454854166666
2020,4,1,36.99194702083333
2020,4,2,36.273057343750004
2020,4,3,33.595781010416665
2020,4,4,31.355146968750002
2020,4,5,32.61590477083333
2020,4,6,37.48270751041667
2020,4,7,37.22611194791667
2020,4,8,34.63663719791666
2020,4,9,33.60898805208333
2020,4,10,30.954885375
2020,4,11,33.777310989583334
2020,4,12,33.894768177083336
2020,4,13,35.972173
2020,4,14,36.283387052083334
2020,4,15,36.673907625000005
2020,4,16,36.100260104166665
2020,4,17,35.75648980208333
2020,4,18,33.26490461458334
2020,4,19,31.76972032291667
2020,4,20,36.84804220833333
2020,4,21,37.06474722916666
2020,4,22,36.87586494791667
2020,4,23,36.40814170833333
2020,4,24,37.942766291666665
2020,4,25,35.55168079166667
2020,4,26,35.99625572916667
2020,4,27,37.99179247916667
2020,4,28,38.36030082291666
2020,4,29,37.8981815
2020,4,30,39.170623614583334
2020,5,1,36.57789065625
2020,5,2,36.061763927083334
2020,5,3,36.185200447916664
2020,5,4,39.470289989583335
2020,5,5,38.791554999999995
2020,5,6,39.059022677083334
2020,5,7,40.71463588541667
2020,5,8,38.34934198958333
2020,5,9,34.65857184375
2020,5,10,34.71900955208333
2020,5,11,39.32651684375
2020,5,12,42.27515769791667
2020,5,13,38.7507486875
2020,5,14,40.68345216666667
2020,5,15,40.96784040625
2020,5,16,39.82152084375
2020,5,17,35.481024624999996
2020,5,18,38.896734322916664
2020,5,19,42.921374229166666
2020,5,20,44.06619515625
2020,5,21,41.382205052083336
2020,5,22,42.77190167708333
2020,5,23,40.66965978125
2020,5,24,37.21519782291667
2020,5,25,38.26205453125
2020,5,26,38.90302234375
2020,5,27,43.63339184375
2020,5,28,44.88035686458334
2020,5,29,45.61611014583334
2020,5,30,40.194879677083335
2020,5,31,35.51710161458333
2020,6,1,29.0407795
2020,6,2,32.25063597916667
2020,6,3,35.26739501041667
2020,6,4,34.0084084375
2020,6,5,32.232330302083334
2020,6,6,30.512680114583333
2020,6,7,31.000525791666664
2020,6,8,34.75591652083333
2020,6,9,32.21364209375
2020,6,10,33.54466420833334
2020,6,11,47.012185510416664
2020,6,12,47.32932978125
2020,6,13,43.90422241666667
2020,6,14,39.81997616666667
2020,6,15,46.004417197916666
2020,6,16,48.0725704375
2020,6,17,50.06161235416667
2020,6,18,52.9655938125
2020,6,19,50.714148854166666
2020,6,20,49.70750903125
2020,6,21,44.80261880208334
2020,6,22,52.765522624999996
2020,6,23,53.24869528125
2020,6,24,55.401003333333335
2020,6,25,55.629379156249996
2020,6,26,52.671745979166666
2020,6,27,48.757033552083335
2020,6,28,26.533356906250003
2020,6,29,49.278813875
2020,6,30,54.03151909375
2020,7,1,52.944179114583335
2020,7,2,46.22691338541667
2020,7,3,47.78738182291667
2020,7,4,50.3892943125
2020,7,5,37.536836739583336
2020,7,6,51.4608024375
2020,7,7,51.444687979166666
2020,7,8,50.289087375
2020,7,9,48.29193016666667
2020,7,10,50.516499572916665
2020,7,11,42.50421297916667
2020,7,12,36.544724385416664
2020,7,13,45.79586065625
2020,7,14,49.062664000000005
2020,7,15,48.6153688125
2020,7,16,49.81059960416667
2020,7,17,53.92890838541666
2020,7,18,51.44068664583333
2020,7,19,52.750825614583334
2020,7,20,51.67562380208333
2020,7,21,58.41647545833334
2020,7,22,55.01785078125
2020,7,23,57.516692281249995
2020,7,24,54.646991041666666
2020,7,25,54.85758925
2020,7,26,52.0218788125
2020,7,27,56.84980486458333
2020,7,28,53.962999510416665
2020,7,29,35.0104091875
2020,7,30,35.233515875
2020,7,31,33.28273319791666
2020,8,1,32.05289238541667
2020,8,2,39.932909333333335
2020,8,3,46.930093916666664
2020,8,4,46.71641347916667
2020,8,5,31.20554994791667
2020,8,6,30.094457031250002
2020,8,7,30.106128385416667
2020,8,8,27.947598062500003
2020,8,9,26.806939947916664
2020,8,10,31.9518088125
2020,8,11,34.58386278125
2020,8,12,36.33811959375
2020,8,13,49.9210569375
2020,8,14,55.627163812499994
2020,8,15,50.437385
2020,8,16,47.80930721875
2020,8,17,52.742756031249996
2020,8,18,56.0450680625
2020,8,19,53.09204477083333
2020,8,20,51.56813469791666
2020,8,21,49.44448428125
2020,8,22,40.45511345833334
2020,8,23,40.20264336458333
2020,8,24,48.14723757291667
2020,8,25,52.79488942708334
2020,8,26,52.68584448958333
2020,8,27,52.881013822916664
2020,8,28,56.15973358333333
2020,8,29,48.07507719791667
2020,8,30,44.909466395833334
2020,8,31,50.367575249999994
2020,9,1,54.37291428125
2020,9,2,50.520969343750004
2020,9,3,50.47100245833334
2020,9,4,50.713475520833335
2020,9,5,43.80198578125
2020,9,6,11.198385347826086
2020,9,7,46.40832946875
2020,9,8,52.14226109375
2020,9,9,34.26848329166666
2020,9,10,34.18953725
2020,9,11,32.07359686458334
2020,9,12,28.230113937500004
2020,9,13,26.912718520833334
2020,9,14,31.75722844791667
2020,9,15,31.97069152083333
2020,9,16,43.63968911458333
2020,9,17,42.30351043181818
2020,9,18,31.486615125
2020,9,19,29.73914265625
2020,9,20,30.57928095833333
2020,9,21,35.333957125000005
2020,9,22,37.13307208333333
2020,9,23,38.12592671875
2020,9,24,38.95847628125
2020,9,25,39.10448042708334
2020,9,26,31.15822010416667
2020,9,27,29.94007128125
2020,9,28,37.55818647916667
2020,9,29,41.276270447916666
2020,9,30,40.36806315625
2020,10,1,40.13601377083334
2020,10,2,41.18791546875
2020,10,3,29.148831166666668
2020,10,4,32.72649216666667
2020,10,5,41.36364340625
2020,10,6,41.6542291875
2020,10,7,41.92215402083333
2020,10,8,39.94479265625
2020,10,9,39.32204476041667
2020,10,10,34.937803208333335
2020,10,11,34.65160865625
2020,10,12,33.40132245833333
2020,10,13,38.15203371875
2020,10,14,36.27369394791667
2020,10,15,34.650071322916666
2020,10,16,30.60734178125
2020,10,17,28.2401204375
2020,10,18,25.272307197916664
2020,10,19,34.39298735416667
2020,10,20,41.73985439583333
2020,10,21,35.33873334375
2020,10,22,38.03533176041667
2020,10,23,38.732569822916666
2020,10,24,31.972511802083332
2020,10,25,27.656986468750002
2020,10,26,35.89218444791667
2020,10,27,36.907924125
2020,10,28,36.947992864583334
2020,10,29,38.31496472916667
2020,10,30,37.78813923958334
2020,10,31,31.34524220833333
2020,11,1,30.509456645833335
2020,11,2,33.79661721875
2020,11,3,35.04813844791666
2020,11,4,34.35049420833334
2020,11,5,34.207528583333335
2020,11,6,35.44910478125
2020,11,7,31.58275970833333
2020,11,8,25.683049562500003
2020,11,9,32.60378119791667
2020,11,10,35.22155025
2020,11,11,33.19195992708333
2020,11,12,33.93885713541667
2020,11,13,31.62509491666667
2020,11,14,27.702019552083332
2020,11,15,25.799901343749998
2020,11,16,33.37866990625
2020,11,17,33.421000614583335
2020,11,18,33.468870270833335
2020,11,19,33.03749335416666
2020,11,20,33.284881114583335
2020,11,21,27.987933479166667
2020,11,22,24.792384531249997
2020,11,23,33.798319281249995
2020,11,24,29.369534302083334
2020,11,25,35.20635682291667
2020,11,26,37.01968759375
2020,11,27,38.4522948125
2020,11,28,29.2691895625
2020,11,29,26.386767125000002
2020,11,30,36.27962496875
2020,12,1,35.160498187500004
2020,12,2,32.58992610416667
2020,12,3,33.3390906875
2020,12,4,33.003963552083334
2020,12,5,28.77994936458333
2020,12,6,24.81506110416667
2020,12,7,28.316124822916667
2020,12,8,22.79852990625
2020,12,9,30.709410864583333
2020,12,10,30.398365989583336
2020,12,11,30.23283948958333
2020,12,12,25.151031
2020,12,13,24.0319956875
2020,12,14,31.668847947916664
2020,12,15,36.513773343749996
2020,12,16,33.422209645833334
2020,12,17,32.7182446875
2020,12,18,28.189738093749998
2020,12,19,24.510065145833334
2020,12,20,25.47971120833333
2020,12,21,35.89310484375
2020,12,22,36.86090988541667
2020,12,23,34.61725415625
2020,12,24,32.21759445833333
2020,12,25,23.358974572916665
2020,12,26,25.350242895833333
2020,12,27,23.823187979166665
2020,12,28,31.588671677083337
2020,12,29,30.13381428125
2020,12,30,31.755516114583333
2020,12,31,29.758938125
2021,1,1,21.515599177083335
2021,1,2,23.336762135416667
2021,1,3,25.618483489583337
2021,1,4,33.17841294791667
2021,1,5,30.529561437499996
2021,1,6,32.095940552083334
2021,1,7,33.03669301041667
2021,1,8,32.6291775625
2021,1,9,29.819304052083336
2021,1,10,26.702680562500003
2021,1,11,34.43136333333333
2021,1,12,36.40067095833333
2021,1,13,38.80073932291666
2021,1,14,30.506433697916666
2021,1,15,30.240073864583334
2021,1,16,28.335003447916666
2021,1,17,28.025277479166665
2021,1,18,36.76088217708334
2021,1,19,34.85542867708333
2021,1,20,32.571518000000005
2021,1,21,32.986377635416666
2021,1,22,31.028205874999998
2021,1,23,21.981773427083336
2021,1,24,20.724609395833333
2021,1,25,31.878549885416664
2021,1,26,30.201754072916668
2021,1,27,28.69981560416667
2021,1,28,32.2042675625
2021,1,29,32.09165377083333
2021,1,30,24.2318773125
2021,1,31,28.128885395833333
2021,2,1,31.899581020833335
2021,2,2,31.26235351041667
2021,2,3,33.98154298958334
2021,2,4,28.97066595833333
2021,2,5,24.689206875
2021,2,6,20.8960166875
2021,2,7,19.074990791666668
2021,2,8,22.67849070833333
2021,2,9,26.90150623958333
2021,2,10,29.460356177083337
2021,2,11,27.662418739583334
2021,2,12,26.386736822916664
2021,2,13,23.469494916666665
2021,2,14,23.233357260416668
2021,2,15,28.18737039583333
2021,2,16,34.32017257291667
2021,2,17,32.79840236458333
2021,2,18,21.614307260416666
2021,2,19,35.182421416666664
2021,2,20,31.142883270833334
2021,2,21,30.64156571875
2021,2,22,36.539841895833334
2021,2,23,38.67071358333333
2021,2,24,36.05997472916667
2021,2,25,35.64648566666667
2021,2,26,33.39866816666667
2021,2,27,29.787387291666665
2021,2,28,29.239187541666666
2021,3,1,33.72890871875
2021,3,2,32.771902687499995
2021,3,3,34.265820239583334
2021,3,4,33.669141760416665
2021,3,5,33.02200332291667
2021,3,6,26.69004371875
2021,3,7,27.24101466666667
2021,3,8,37.74974484375
2021,3,9,33.97239751041667
2021,3,10,33.604727708333336
2021,3,11,35.422266552083336
2021,3,12,35.53972558333333
2021,3,13,28.504856447916666
2021,3,14,26.627156770833334
2021,3,15,32.84316527083333
2021,3,16,24.206532260416665
2021,3,17,37.43321986458333
2021,3,18,41.10693211458334
2021,3,19,38.642075541666664
2021,3,20,33.776170541666666
2021,3,21,34.861398125
2021,3,22,39.47517086458333
2021,3,23,40.685227697916666
2021,3,24,40.398880178571424
2021,3,25,41.51954570833333
2021,3,26,38.93035441666667
2021,3,27,33.241233125
2021,3,28,25.07934235
2021,3,29,29.095788083333332
2021,3,30,39.37094275
2021,3,31,36.45910564583333
2021,4,1,33.78289904166667
2021,4,2,35.79687213541667
2021,4,3,37.15694534895834
2021,4,4,35.903768791666664
2021,4,5,40.737091166666666
2021,4,6,39.687755395833335
2021,4,7,39.881664031250004
2021,4,8,39.43804683333334
2021,4,9,39.618631916666665
2021,4,10,39.31529071875
2021,4,11,37.69540816666667
2021,4,12,41.534499572916665
2021,4,13,41.014807833333336
2021,4,14,39.407084885416666
2021,4,15,39.60916539583334
2021,4,16,39.954148333333336
2021,4,17,36.71211489583333
2021,4,18,34.139141572916664
2021,4,19,37.632619125
2021,4,20,39.32197894791667
2021,4,21,38.27321552083333
2021,4,22,38.8281026875
2021,4,23,40.936486520833334
2021,4,24,37.43089313541667
2021,4,25,36.03903014583333
2021,4,26,38.538772656249996
2021,4,27,38.31267923809524
2021,4,28,41.690473875
2021,4,29,39.798881593750004
2021,4,30,40.48939416666666
2021,5,1,38.159416875
2021,5,2,38.54549748958333
2021,5,3,44.703506197916674
2021,5,4,48.23443235416667
2021,5,5,50.111623916666666
2021,5,6,35.155519454545455
2021,5,7,35.78510837499999
2021,5,8,40.95968791666667
2021,5,9,37.23884630208334
2021,5,10,42.01045759375
2021,5,11,44.392669364583334
2021,5,12,45.0425789375
2021,5,13,45.91146863541667
2021,5,14,40.60883176041667
2021,5,15,35.77138071875
2021,5,16,35.79145902083334
2021,5,17,41.714610864583335
2021,5,18,49.19248571875
2021,5,19,48.16589938541667
2021,5,20,48.750346375
2021,5,21,43.88172403125
2021,5,22,43.57612854166666
2021,5,23,39.00530948958333
2021,5,24,43.47422377083333
2021,5,25,43.489188552083334
2021,5,26,41.96007828125
2021,5,27,41.43579469791667
2021,5,28,41.421328145833336
2021,5,29,40.04153567708334
2021,5,30,36.54198658333333
2021,5,31,40.60705867708334
2021,6,1,46.73255002083334
2021,6,2,44.529348218749995
2021,6,3,46.157896791666666
2021,6,4,48.043187156250006
2021,6,5,42.30352638541667
2021,6,6,40.15586605208333
2021,6,7,44.48664145833334
2021,6,8,42.78885553125
2021,6,9,47.4189895
2021,6,10,46.74227342708334
2021,6,11,43.83832394791667
2021,6,12,39.11578108333333
2021,6,13,37.61596158333334
2021,6,14,44.64943470833333
2021,6,15,48.23145322916667
2021,6,16,44.65047255208333
2021,6,17,45.64532416666666
2021,6,18,44.38505828125
2021,6,19,43.9545665625
2021,6,20,43.89011644791666
2021,6,21,45.52252266666667
2021,6,22,49.916455354166665
2021,6,23,56.341898739583335
2021,6,24,57.96327336458334
2021,6,25,56.718721208333335
2021,6,26,50.63538328125
2021,6,27,49.74820539583334
2021,6,28,49.20759185416667
2021,6,29,50.91392947916666
2021,6,30,53.677344833333336
2021,7,1,52.92206772916666
2021,7,2,50.39060248958333
2021,7,3,46.79679814583333
2021,7,4,37.145163645833335
2021,7,5,48.20474394791666
2021,7,6,54.05668698958333
2021,7,7,52.05999517708333
2021,7,8,51.85568895833333
2021,7,9,52.65275880208333
2021,7,10,47.57660605208333
2021,7,11,45.20083292708333
2021,7,12,55.437854208333334
2021,7,13,55.03899890625001
2021,7,14,54.97801096875
2021,7,15,50.08274348958333
2021,7,16,46.279853572916664
2021,7,17,45.73823977083333
2021,7,18,42.70605405208334
2021,7,19,48.15686710416667
2021,7,20,46.876105218750006
2021,7,21,44.659026885416665
2021,7,22,45.01877346875
2021,7,23,45.68690957291667
2021,7,24,46.40643321875
2021,7,25,41.185305489583335
2021,7,26,49.497825031249995
2021,7,27,49.61954886458333
2021,7,28,51.242609979166666
2021,7,29,49.106130541666666
2021,7,30,45.470941343750006
2021,7,31,43.218328291666666
2021,8,1,42.59327165625
2021,8,2,46.411987843750005
2021,8,3,46.50404827083333
2021,8,4,46.48325065625
2021,8,5,51.258746270833335
2021,8,6,46.25497589583333
2021,8,7,46.68618780208333
2021,8,8,42.011331947916666
2021,8,9,50.928173156250004
2021,8,10,52.113951843749994
2021,8,11,50.31588659375
2021,8,12,53.07497513541667
2021,8,13,49.6246571875
2021,8,14,42.821004833333326
2021,8,15,45.031878687500004
2021,8,16,54.07225469791666
2021,8,17,53.43983304166667
2021,8,18,50.3574470625
2021,8,19,55.63714947916667
2021,8,20,57.427805427083335
2021,8,21,51.328771510416665
2021,8,22,46.723629135416665
2021,8,23,56.21709821875
2021,8,24,56.28932488541667
2021,8,25,55.80473265625
2021,8,26,53.08523297916667
2021,8,27,57.14634494791667
2021,8,28,48.13446880208334
2021,8,29,41.769348989583335
2021,8,30,48.75563987499999
2021,8,31,50.70381596875
2021,9,1,53.545222729166674
2021,9,2,51.94504939583334
2021,9,3,53.86214401041667
2021,9,4,46.0618405625
2021,9,5,41.430814597826085
2021,9,6,52.53202776041667
2021,9,7,53.929242020833335
2021,9,8,53.34676860416667
2021,9,9,51.67874011458334
2021,9,10,48.27541196875
2021,9,11,46.599813250000004
2021,9,12,44.42494680208333
2021,9,13,52.57994261458333
2021,9,14,52.65886890625
2021,9,15,51.15234107291667
2021,9,16,44.586033625
2021,9,17,41.02868204166666
2021,9,18,37.78502485416667
2021,9,19,40.71814582291667
2021,9,20,49.215209520833334
2021,9,21,47.43477809375
2021,9,22,47.52858303125
2021,9,23,46.94705636458334
2021,9,24,45.88909257291667
2021,9,25,42.980405625
2021,9,26,40.98477060416666
2021,9,27,44.972753937499995
2021,9,28,41.19420177083334
2021,9,29,38.3771073125
2021,9,30,46.59608802083333
2021,10,1,44.55410344791667
2021,10,2,40.23223619791667
2021,10,3,39.713074229166665
2021,10,4,44.99742965625
2021,10,5,47.281337093750004
2021,10,6,44.640921125
2021,10,7,43.124508375000005
2021,10,8,43.533123385416665
2021,10,9,38.42678113541667
2021,10,10,33.524301677083336
2021,10,11,38.13479541666667
2021,10,12,44.70720372916667
2021,10,13,46.900526354166665
2021,10,14,50.497539406250006
2021,10,15,50.092779291666666
2021,10,16,32.1104158125
2021,10,17,28.534223531250003
2021,10,18,48.66606248958333
2021,10,19,50.46704885416667
2021,10,20,48.397302583333335
2021,10,21,44.68824601041666
2021,10,22,43.17797630208333
2021,10,23,40.62177253125
2021,10,24,34.82448364583333
2021,10,25,41.8322375
2021,10,26,42.418051562500004
2021,10,27,40.947958479166665
2021,10,28,40.41816767708333
2021,10,29,38.073820125000005
2021,10,30,32.641060770833334
2021,10,31,25.105289302083335
2021,11,1,21.295003572916666
2021,11,2,32.82433005208333
2021,11,3,33.13458888541667
2021,11,4,34.65988280208334
2021,11,5,37.183412583333336
2021,11,6,34.50045723958333
2021,11,7,30.31467516666667
2021,11,8,39.33663429166666
2021,11,9,38.707369614583335
2021,11,10,36.10293027083333
2021,11,11,37.80443555208333
2021,11,12,37.02871214583333
2021,11,13,28.505758302083336
2021,11,14,28.080139875
2021,11,15,34.02580328125
2021,11,16,35.617375
2021,11,17,35.55586534375
2021,11,18,33.52881990625
2021,11,19,31.32952378125
2021,11,20,26.577222333333335
2021,11,21,23.796243375
2021,11,22,32.07103721875
2021,11,23,33.571130885416665
2021,11,24,28.919648239583335
2021,11,25,34.60541865625
2021,11,26,32.71121345833333
2021,11,27,26.163035583333336
2021,11,28,28.483939395833332
2021,11,29,34.823235635416665
2021,11,30,33.092736125
2021,12,1,33.9578971875
2021,12,2,35.00484541666667
2021,12,3,37.30804434375
2021,12,4,38.606248531249996
2021,12,5,34.609229552083335
2021,12,6,33.192483
2021,12,7,29.437364197916665
2021,12,8,26.26102860416667
2021,12,9,33.470455927083336
2021,12,10,31.610913364583336
2021,12,11,27.055052854166664
2021,12,12,26.269106364583333
2021,12,13,37.45668453125
2021,12,14,39.65967795833333
2021,12,15,42.46437029166667
2021,12,16,42.32241141666667
2021,12,17,33.172035125
2021,12,18,33.31510119791667
2021,12,19,32.033198937499996
2021,12,20,38.32712477083333
2021,12,21,33.516430364583336
2021,12,22,36.69247838541667
2021,12,23,30.95888632291667
2021,12,24,31.077828010416667
2021,12,25,30.920453322916668
2021,12,26,33.1598178125
2021,12,27,41.75249709375
2021,12,28,42.1753510625
2021,12,29,38.52382189583333
2021,12,30,32.48648372916667
2021,12,31,30.644761562499998
